"DESEQ2_OTU_ID","ASV","LDA_score","Relative_abundance","Kingdom","Phylum","Class","Order","Family","Species"
"ASV_1","GGGCGTTATCCGGATTTATTGGGTTTAAAGGGAGCGTAGGCCGGAGATTAAGCGTGTTGTGAAATGTAGACGCTCAACGTCTGCACTGCAGCGCGAACTGGTTTCCTTGAGTACGCACAAAGTGGGCGGAATTCGTGGTGTAGCGGTGAAATGCTTAGATATCACGAAGAACTCCGATTGCGAAGGCAGCTCACTGGAGCGCAACTGACGCTGAAGCTCGAAAGTGCGGGTATCGA",4.695,10.326,"Bacteria","Bacteroidota","Bacteroidia","Bacteroidales","Prevotellaceae","copri"
"ASV_2","GGGCGTTATCCGGATTTATTGGGTTTAAAGGGAGCGTAGGCCGGAGATTAAGCGTGTTGTGAAATGTAGATGCTCAACATCTGCACTGCAGCGCGAACTGGTTTCCTTGAGTACGCACAAAGTGGGCGGAATTCGTGGTGTAGCGGTGAAATGCTTAGATATCACGAAGAACTCCGATTGCGAAGGCAGCTCACTGGAGCGCAACTGACGCTGAAGCTCGAAAGTGCGGGTATCGA",4.608,10.737,"Bacteria","Bacteroidota","Bacteroidia","Bacteroidales","Prevotellaceae",NA
"ASV_13","AAGCGTTATCCGGATTTACTGGGTGTAAAGGGAGCGCAGGCGGAAGGCTAAGTCTGATGTGAAAGCCCGGGGCTCAACCCCGGTACTGCATTGGAAACTGGTCATCTAGAGTGTCGGAGGGGTAAGTGGAATTCCTAGTGTAGCGGTGAAATGCGTAGATATTAGGAGGAACACCAGTGGCGAAGGCGGCTTACTGGACGATAACTGACGCTGAGGCTCGAAAGCGTGGGGAGCAA",4.425,1.264,"Bacteria","Bacillota","Clostridia","Clostridiales","Lachnospiraceae","inulinivorans"
"ASV_8","GGGCGTTATCCGGATTTATTGGGTTTAAAGGGAGCGTAGGCCGGAGATTAAGCGTGTTGTGAAATGTAGTGGCTCAACCTCTGCACTGCAGCGCGAACTGGTCTTCTTGAGTACGCACAACGTGGGCGGAATTCGTGGTGTAGCGGTGAAATGCTTAGATATCACGAAGAACTCCGATTGCGAAGGCAGCTCACGGGAGCGCAACTGACGCTGAAGCTCGAAAGTGCGGGTATCGA",4.378,2.614,"Bacteria","Bacteroidota","Bacteroidia","Bacteroidales","Prevotellaceae",NA
"ASV_10","GGGCGTTATCCGGATTTATTGGGTTTAAAGGGAGCGTAGGCCGGAGATTAAGCGTGTTGTGAAATGTAGAGGCTCAACCTCTGCACTGCAGCGCGAACTGGTCTTCTTGAGTACGCACAACGTGGGCGGAATTCGTGGTGTAGCGGTGAAATGCTTAGATATCACGAAGAACTCCGATTGCGAAGGCAGCTCACGGGAGCGCAACTGACGCTGAAGCTCGAAAGTGCGGGTATCGA",4.331,2.041,"Bacteria","Bacteroidota","Bacteroidia","Bacteroidales","Prevotellaceae",NA
"ASV_14","GGGCGTTATCCGGATTTATTGGGTTTAAAGGGAGCGTAGGCCGCAGGTTAAGCGTGTTGTGAAATGTAGGGGCTCAACCTCTGCACTGCAGCGCGAACTGGCTTGCTTGAGTACGCACAACGTGGGCGGAATTCGTGGTGTAGCGGTGAAATGCTTAGATATCACGAAGAACTCCGATTGCGAAGGCAGCTCACGGGAGCGCAACTGACGCTGAAGCTCGAAAGTGCGGGTATCGA",4.316,2.089,"Bacteria","Bacteroidota","Bacteroidia","Bacteroidales","Prevotellaceae",NA
"ASV_21","AAGCGTTAATCGGAATAACTGGGCGTAAAGCGCACGTAGGTGGTTCGACAAGTCAGATGTGAAAGCCCCGGGCTTAACCTGGGATGTGCATTTGAAACTGTTGGACTCGAGTACTGTAGAGGGAGGTAGAATTCCAGGTGTAGCGGTGAAATGCGTAGATATCTGGAGGAATACCAGTGGCGAAGGCGGCCTCCTGGACAGACACTGACACTGAGGTGCGAAAGCGTGGGGAGCAA",4.189,1.3,"Bacteria","Pseudomonadota","Gammaproteobacteria","Aeromonadales","Succinivibrionaceae",NA
"ASV_16","AAGCGTTGTCCGGATTTACTGGGTGTAAAGGGTGCGTAGGCGGCTTTGCAAGTCAGATGTGAAATCTATGGGCTCAACCCATAAACTGCATTTGAAACTGTAGAGCTTGAGTGAAGTAGAGGCAGGCGGAATTCCCCGTGTAGCGGTGAAATGCGTAGAGATGGGGAGGAACACCAGTGGCGAAGGCGGCCTGCTGGGCTTTAACTGACGCTGAGGCACGAAAGCGTGGGTAGCAA",4.138,0.758,"Bacteria","Bacillota","Clostridia","Clostridiales","Ruminococcaceae","bromii"
"ASV_61","GAGCGTTATCCGGATTTATTGGGTTTAAAGGGAGCGTAGGTGGACAGTTAAGTCAGTTGTGAAAGTTTGCGGCTCAACCGTAAAATTGCAGTTGATACTGGCTGTCTTGAGTACAGTAGAGGTGGGCGGAATTCGTGGTGTAGCGGTGAAATGCTTAGATATCACGAAGAACTCCGATTGCGAAGGCAGCTCACTGGACTGCAACTGACACTGATGCTCGAAAGTGTGGGTATCAA",4.127,0.292,"Bacteria","Bacteroidota","Bacteroidia","Bacteroidales","Bacteroidaceae",NA
"ASV_6","GAGCGTTATCCGGATTTATTGGGTTTAAAGGGAGCGTAGATGGATGTTTAAGTCAGTTGTGAAAGTTTGCGGCTCAACCGTAAAATTGCAGTTGATACTGGATATCTTGAGTGCAGTTGAGGCAGGCGGAATTCGTGGTGTAGCGGTGAAATGCTTAGATATCACGAAGAACTCCGATTGCGAAGGCAGCCTGCTAAGCTGCAACTGACATTGAGGCTCGAAAGTGTGGGTATCAA",4.124,0.506,"Bacteria","Bacteroidota","Bacteroidia","Bacteroidales","Bacteroidaceae",NA
"ASV_52","GAGCGTTATCCGGATTTATTGGGTTTAAAGGGAGCGTAGGCGGATTGTTAAGTCAGTTGTGAAAGTTTGCGGCTCAACCGTAAAATTGCAGTTGATACTGGCAGTCTTGAGTGCAGTAGAGGTGGGCGGAATTCGTGGTGTAGCGGTGAAATGCTTAGATATCACGAAGAACTCCGATTGCGAAGGCAGCTCACTGGAGTGTAACTGACGCTGATGCTCGAAAGTGTGGGTATCAA",4.057,0.274,"Bacteria","Bacteroidota","Bacteroidia","Bacteroidales","Bacteroidaceae","caccae"
"ASV_22","AGGCGTTATCCGGATTTATTGGGTTTAAAGGGAGCGCAGGCGGACCTTTAAGTCAGCTGTGAAATACGGCGGCTCAACCGTCGAACTGCAGTTGATACTGGAGGTCTTGAGTGCACACAGGGATACTGGAATTCATGGTGTAGCGGTGAAATGCTCAGATATCATGAAGAACTCCAATCGCGAAGGCAGGTATCCGGGGTGCAACTGACGCTGAGGCTCGAAAGTGCGGGTATCAA",4.025,0.998,"Bacteria","Bacteroidota","Bacteroidia","Bacteroidales","Prevotellaceae",NA
"ASV_34","AAGCGTTGTTCGGAATCACTGGGCGTAAAGCGTGCGTAGGCTGTTTCGTAAGTCGTGTGTGAAAGGCGCGGGCTCAACCCGCGGACGGCACATGATACTGCGAGACTAGAGTAATGGAGGGGGAACCGGAATTCTCGGTGTAGCAGTGAAATGCGTAGATATCGAGAGGAACACTCGTGGCGAAGGCGGGTTCCTGGACATTAACTGACGCTGAGGCACGAAGGCCAGGGGAGCGA",3.962,0.238,"Bacteria","Verrucomicrobiota","Verrucomicrobiae","Verrucomicrobiales","Verrucomicrobiaceae","muciniphila"
"ASV_27","GGGCGTTATCCGGATTTATTGGGTTTAAAGGGAGCGTAGGCCGGAGATTAAGCGTGTTGTGAAATGTAGATGCTCAACGTCTGCACTGCAGCGCGAACTGGTTTCCTTGAGTACGCACAAAGTGGGCGGAATTCGTGGTGTAGCGGTGAAATGCTTAGATATCACGAAGAACTCCGATTGCGAAGGCAGCTCACTGGAGCGCAACTGACGCTGAAGCTCGAAAGTGCGGGTATCGA",3.958,0.967,"Bacteria","Bacteroidota","Bacteroidia","Bacteroidales","Prevotellaceae",NA
"ASV_12","AAGCGTTGTCCGGAATTACTGGGTGTAAAGGGAGCGCAGGCGGGAGAACAAGTTGGAAGTGAAATCCATGGGCTCAACCCATGAACTGCTTTCAAAACTGTTTTTCTTGAGTAGTGCAGAGGTAGGCGGAATTCCCGGTGTAGCGGTGGAATGCGTAGATATCGGGAGGAACACCAGTGGCGAAGGCGGCCTACTGGGCACCAACTGACGCTGAGGCTCGAAAGTGTGGGTAGCAA",3.753,0.956,"Bacteria","Bacillota","Clostridia","Clostridiales","Ruminococcaceae","prausnitzii"
"ASV_116","GGGCGTTATCCGGATTTATTGGGTTTAAAGGGAGCGTAGGCCGTCTGGTAAGCGTGTTGTGAAATGTCGGGGCTCAACCTGGGCATTGCAGCGCGAACTGTCAGACTTGAGTGCGCGGGAAGTAGGCGGAATTCGTCGTGTAGCGGTGAAATGCTTAGATATGACGAAGAACTCCGATTGCGAAGGCAGCCTGCTGTAGCGCAACTGACGCTGAAGCTCGAAAGCGTGGGTATCGA",3.626,0.344,"Bacteria","Bacteroidota","Bacteroidia","Bacteroidales","Prevotellaceae",NA
"ASV_90","GAGCGTTGTTCGGAATCATTGGGCGTAAAGGGCATGTAGGCGGTTACGCAAGCCTGGTGTGAAAGCCCGAGGCTCAACCTCGGGATGCGCCGGGAACTGTGCAACTAGAGTAGCTGAGGGGCAGCCGGAATTCCAGGTGTAGGGGTGAAATCTGTAGATATCTGGAAGAACACCGATGGCGAAGGCAGGCTGCCAGCAGATTACTGACGCTGAGGTGCGAAGGTGCGGGGAGCGAA",3.58,0.324,"Bacteria","Spirochaetota","Spirochaetia","Spirochaetales","Spirochaetaceae",NA
"ASV_96","GGGCGTTATCCGGATTTATTGGGTTTAAAGGGAGCGTAGGCCGGAGATTAAGCGTGTTGTGAAATGTAGATGCTCAACATCTGCACTGCAGCGCGAACTGGTCTTCTTGAGTACGCACAACGTGGGCGGAATTCGTGGTGTAGCGGTGAAATGCTTAGATATCACGAAGAACTCCGATTGCGAAGGCAGCTCACGGGAGCGCAACTGACGCTGAAGCTCGAAAGTGCGGGTATCGA",3.55,0.313,"Bacteria","Bacteroidota","Bacteroidia","Bacteroidales","Prevotellaceae",NA
"ASV_119","AAGCGTTGTCCGGAATTACTGGGTGTAAAGGGAGCGCAGGCGGGAAAGCAAGTTGGAAGTGAAATCCATGGGCTCAACCCATGAACTGCTTTCAAAACTGTTTTTCTTGAGTAGTGCAGAGGTAGGCGGAATTCCCGGTGTAGCGGTGGAATGCGTAGATATCGGGAGGAACACCAGTGGCGAAGGCGGCCTACTGGGCACCAACTGACGCTGAGGCTCGAAAGTGTGGGTAGCAA",3.543,0.263,"Bacteria","Bacillota","Clostridia","Clostridiales","Ruminococcaceae","prausnitzii"
"ASV_110","GAGCGTTATCCGGATTTATTGGGTTTAAAGGGAGCGTAGGCGGGCTGTTAAGTCAGCGGTCAAATGTCAGGGCCCAACCTTGGCATGCCGTTGATACTGGCGGCCTTGAGTTCACACAAGGAAGGTGGAATTCGTCGTGTAGCGGTGAAATGCTTAGATATGACGAAGAACTCCGATTGCGAAGGCAGCCTTCTGGGGTGTTACTGACGCTGAGGCTCGAAAGTGCGGGAATCAAA",3.489,0.248,"Bacteria","Bacteroidota","Bacteroidia","Bacteroidales","Prevotellaceae",NA
"ASV_257","GAGCGTTATCCGGATTTATTGGGTTTAAAGGGAGCGTAGGCGGGCTTTTAAGTCAGCGGTCAAATGTCGTGGCTCAACCATGTCAAGCCGTTGAAACTGTAAGCCTTGAGTCTGCACAGGGCACATGGAATTCGTGGTGTAGCGGTGAAATGCTTAGATATCACGAAGAACTCCGATCGCGAAGGCATTGTGCCGGGGCATAACTGACGCTGAGGCTCGAAAGTGCGGGTATCAAA",3.468,0.072,"Bacteria","Bacteroidota","Bacteroidia","Bacteroidales","Prevotellaceae",NA
"ASV_47","AAGCGTTATCCGGAATTACTGGGTGTAAAGGGAGCGCAGGCGGGATAGCAAGTCAGCTGTGAAAACTATGGGCTCAACCCATAAACTGCAGTTGAAACTGTTATTCTTGAGTGGAGTAGAGGCAAGCGGAATTCCGAGTGTAGCGGTGAAATGCGTAGATATTCGGAGGAACACCAGTGGCGAAGGCGGCTTGCTGGGCTCTAACTGACGCTGAGGCTCGAAAGTGTGGGGAGCAA",3.464,0.325,"Bacteria","Bacillota","Clostridia","Clostridiales","Ruminococcaceae",NA
"ASV_24","GAGCGTTATCCGGATTTATTGGGTTTAAAGGGAGCGTAGGCGGGTTGTTAAGTCAGTTGTGAAAGTTTGCGGCTCAACCGTAAAATTGCAGTTGATACTGGCGACCTTGAGTGCAACAGAGGTAGGCGGAATTCGTGGTGTAGCGGTGAAATGCTTAGATATCACGAAGAACTCCGATTGCGAAGGCAGCTTACTGGATTGTAACTGACGCTGATGCTCGAAAGTGTGGGTATCAA",3.463,0.094,"Bacteria","Bacteroidota","Bacteroidia","Bacteroidales","Bacteroidaceae",NA
"ASV_49","AAGCGTTATCCGGATTTATTGGGTTTAAAGGGTGCGTAGGCGGTTTGATAAGTTAGAGGTGAAATTTCGGGGCTCAACCCTGAACGTGCCTCTAATACTGTTGAGCTAGAGAGTAGTTGCGGTAGGCGGAATGTATGGTGTAGCGGTGAAATGCTTAGAGATCATACAGAACACCGATTGCGAAGGCAGCTTACCAAACTATATCTGACGTTGAGGCACGAAAGCGTGGGGAGCAA",3.441,0.113,"Bacteria","Bacteroidota","Bacteroidia","Bacteroidales","Rikenellaceae","putredinis"
"ASV_82","AAGCGTTGTCCGGATTTACTGGGTGTAAAGGGCGTGTAGCCGGGAGGGCAAGTCAGATGTGAAATCCACGGGCTTAACTCGTGAACTGCATTTGAAACTGTTCTTCTTGAGTATCGGAGAGGCAATCGGAATTCCTAGTGTAGCGGTGAAATGCGTAGATATTAGGAGGAACACCAGTGGCGAAGGCGGATTGCTGGACGACAACTGACGGTGAGGCGCGAAAGCGTGGGGAGCAA",3.438,0.339,"Bacteria","Bacillota","Clostridia","Clostridiales","Ruminococcaceae",NA
"ASV_97","GGGCGTTATCCGGATTTATTGGGTTTAAAGGGAGCGTAGGCCGTCTTTTAAGCGTGTTGTGAAATACTGTCGCTCAACGACAGAGGTGCAGCGCGAACTGGGAGACTTGAGTGCGCGGAATGCAGGCGGAATTCGTCGTGTAGCGGTGAAATGCTTAGATATGACGAAGAACTCCGATTGCGAAGGCAGCTTGCAGTAGCGTAACTGACGCTGAAGCTCGAAAGTGCGGGTATCGA",3.414,0.291,"Bacteria","Bacteroidota","Bacteroidia","Bacteroidales","Prevotellaceae",NA
"ASV_142","GAGCGTTAATCGGAATTACTGGGCGTAAAGGGTGCGCAGGCGGTTGAGTAAGACAGATGTGAAATCCCCGAGCTTAACTCGGGAATGGCATATGTGACTGCTCGACTAGAGTGTGTCAGAGGGAGGTGGAATTCCACGTGTAGCAGTGAAATGCGTAGATATGTGGAAGAACACCGATGGCGAAGGCAGCCTCCTGGGACATAACTGACGCTCAGGCACGAAAGCGTGGGGAGCAA",3.405,0.055,"Bacteria","Pseudomonadota","Betaproteobacteria","Burkholderiales","Sutterellaceae","excrementihominis"
"ASV_46","GAGCGTTATCCGGATTTATTGGGTTTAAAGGGAGCGTAGGTGGATTGTTAAGTCAGTTGTGAAAGTTTGCGGCTCAACCGTAAAATTGCAGTTGAAACTGGCAGTCTTGAGTACAGTAGAGGTGGGCGGAATTCGTGGTGTAGCGGTGAAATGCTTAGATATCACGAAGAACTCCGATTGCGAAGGCAGCTCACTAGACTGTCACTGACACTGATGCTCGAAAGTGTGGGTATCAA",3.392,0.085,"Bacteria","Bacteroidota","Bacteroidia","Bacteroidales","Bacteroidaceae","ovatus"
"ASV_72","GAGCGTTGTCCGGAATTATTGGGCGTAAAGAGCATGTAGGCGGTTTTTTAAGTCTGGAGTGAAAATGCGGGGCTCAACCCCGTATGGCTCTGGATACTGGAAGACTTGAGTGCAGGAGAGGAAAGGGGAATTCCCAGTGTAGCGGTGAAATGCGTAGATATTGGGAGGAACACCAGTGGCGAAGGCGCCTTTCTGGACTGTGTCTGACGCTGAGATGCGAAAGCCAGGGTAGCGAA",3.384,0.375,"Bacteria","Bacillota","Negativicutes","Selenomonadales","Acidaminococcaceae","succinatutens"
"ASV_261","AAGCGTTGTCCGGAATTATTGGGCGTAAAGGGAGCGCAGGCGGGAAACTAAGCGGATCTTAAAAGTGCGGGGCTCAACCCCGTGATGGGGTCCGAACTGGTTTTCTTGAGTGCAGGAGAGGAAAGCGGAATTCCCAGTGTAGCGGTGAAATGCGTAGATATTGGGAAGAACACCAGTGGCGAAGGCGGCTTTCTGGACTGTAACTGACGCTGAGGCTCGAAAGCTAGGGTAGCGAA",3.346,0.041,"Bacteria","Bacillota","Negativicutes","Selenomonadales","Veillonellaceae","funiformis"
"ASV_80","AAGCGTTGTCCGGATTTACTGGGTGTAAAGGGCGTGTAGGCGGAGATGCAAGTCGGGAGTGAAATCCATGGGCTCAACCCATGAACTGCTTTCGAAACTGTATCCCTTGAGTATCGGAGAGGCAAGCGGAATTCCTAGTGTAGCGGTGAAATGCGTAGATATTAGGAGGAACACCAGTGGCGAAGGCGGCTTGCTGGACGACAACTGACGCTGAGGCGCGAAAGCGTGGGGAGCAA",3.328,0.294,"Bacteria","Bacillota","Clostridia","Clostridiales","Ruminococcaceae",NA
"ASV_130","GAGCGTTATCCGGATTTATTGGGTTTAAAGGGTGCGTAGGCGGATTGTCAAGTCAGCGGTCAAAAGTCGGGGCTCAACCCCGTGAAGCCGTTGAAACTGGCGGTCTTGAGTGAGCGAGAAGCAGGCGGAATGCGTGGTGTAGCGGTGAAATGCATAGATATCACGCAGAACCCCGATTGCGAAGGCAGCCTGCCGGCGCTCAACTGACGCTGAGGCACGAAAGTGCGGGGATCGAA",3.325,0.082,"Bacteria","Bacteroidota","Bacteroidia","Bacteroidales","Porphyromonadaceae",NA
"ASV_111","GAGCGTTGTCCGGAATTATTGGGCGTAAAGAGCATGTAGGCGGCTTAATAAGTCGAGCGTGAAAATGCGGGGCTCAACCCCGTATGGCGCTGGAAACTGTTAGGCTTGAGTGCAGGAGAGGAAAGGGGAATTCCCAGTGTAGCGGTGAAATGCGTAGATATTGGGAGGAACACCAGTGGCGAAGGCGCCTTTCTGGACTGTGTCTGACGCTGAGATGCGAAAGCCAGGGTAGCGAA",3.309,0.044,"Bacteria","Bacillota","Negativicutes","Selenomonadales","Acidaminococcaceae","faecium"
"ASV_145","AGGCGTTATCCGGATTTATTGGGTTTAAAGGGAGCGTAGGCGGGGAGTCAAGTCAGTTGTGAAAAGCCACGGCCCAACCGTGGTCGTGCAGTTGAAACTGGTTCTCTTGAGTGCGCACGAGGACGGTGGAATTCGTGGTGTAGCGGTGAAATGCTTAGATATCACGAAGAACTCCGATTGCGAAGGCAGCCGTCCGGAGCGTTACTGACGCTGAGGCTCGAAGGTGCGGGTATCAA",3.306,0.106,"Bacteria","Bacteroidota","Bacteroidia","Bacteroidales","Prevotellaceae",NA
"ASV_20","AAGCGTTATCCGGATTTACTGGGTGTAAAGGGAGCGTAGACGGTGTGGCAAGTCTGATGTGAAAGGCATGGGCTCAACCTGTGGACTGCATTGGAAACTGTCATACTTGAGTGCCGGAGGGGTAAGCGGAATTCCTAGTGTAGCGGTGAAATGCGTAGATATTAGGAGGAACACCAGTGGCGAAGGCGGCTTACTGGACGGTAACTGACGTTGAGGCTCGAAAGCGTGGGGAGCAA",3.301,0.304,"Bacteria","Bacillota","Clostridia","Clostridiales","Lachnospiraceae",NA
"ASV_77","AAGCGTTATCCGGATTTACTGGGTGTAAAGGGAGTGTAGGTGGCCATGCAAGTCAGAAGTGAAAATCCGGGGCTCAACCCCGGAACTGCTTTTGAAACTGTAAGGCTAGAGTGCAGGAGGGGTGAGTGGAATTCCTAGTGTAGCGGTGAAATGCGTAGATATTAGGAGGAACACCAGTGGCGAAGGCGGCTCACTGGACTGTAACTGACACTGAGGCTCGAAAGCGTGGGGAGCAA",3.29,0.162,"Bacteria","Bacillota","Clostridia","Clostridiales","Lachnospiraceae",NA
"ASV_209","AAGCGTTATCCGGATTTACTGGGTGTAAAGGGAGCGTAGACGGCGATGCAAGTCTGAAGTGAAATACCCGGGCTCAACCTGGGAACTGCTTTGGAAACTGTATTGCTAGAGTGCTGGAGAGGTAAGCGGAATTCCTAGTGTAGCGGTGAAATGCGTAGATATTAGGAAGAACACCAGTGGCGAAGGCGGCTTACTGGACAGTAACTGACGTTGAGGCTCGAAAGCGTGGGGAGCAA",3.257,0.107,"Bacteria","Bacillota","Clostridia","Clostridiales","Lachnospiraceae",NA
"ASV_150","AAGCGTTATCCGGATTTACTGGGTGTAAAGGGAGCGTAGACGGCATGGCAAGTCTGATGTGAAAATCCCGGGCTCAACCCGGGAACTGCATTGGAAACTGTTAAGCTAGAGTGCAGGAGAGGTAAGTGGAATTCCTAGTGTAGCGGTGAAATGCGTAGATATTAGGAGGAACACCAGTGGCGAAGGCGGCTTACTGGACTGTAACTGACGTTGAGGCTCGAAAGCGTGGGGAGCAA",3.256,0.176,"Bacteria","Bacillota","Clostridia","Clostridiales","Lachnospiraceae",NA
"ASV_50","AAGCGTTATCCGGATTTACTGGGTGTAAAGGGAGCGCAGACGGCACTGCAAGTCTGAAGTGAAAGCCCGGGGCTCAACCCCGGGACTGCTTTGGAAACTGTAGAGCTAGAGTGCTGGAGAGGCAAGCGGAATTCCTAGTGTAGCGGTGAAATGCGTAGATATTAGGAAGAACACCAGTGGCGAAGGCGGCTTGCTGGACAGTAACTGACGTTCAGGCTCGAAAGCGTGGGGAGCAA",3.252,0.115,"Bacteria","Bacillota","Clostridia","Clostridiales","Lachnospiraceae",NA
"ASV_35","GAGCGTTATCCGGATTTATTGGGTTTAAAGGGAGCGTAGGCGGACGCTTAAGTCAGTTGTGAAAGTTTGCGGCTCAACCGTAAAATTGCAGTTGATACTGGGTGTCTTGAGTACAGTAGAGGCAGGCGGAATTCGTGGTGTAGCGGTGAAATGCTTAGATATCACGAAGAACTCCGATTGCGAAGGCAGCTTGCTGGACTGTAACTGACGCTGATGCTCGAAAGTGTGGGTATCAA",3.25,0.095,"Bacteria","Bacteroidota","Bacteroidia","Bacteroidales","Bacteroidaceae","uniformis"
"ASV_252","GAGCGTTATCCGGAATTACTGGGTGTAAAGGGTGTGTAGGCGGGACTTCAAGTCAGATGTGAAAATTGCGGGCTCAACCCGCAACCTGCATTTGAAACTGAGGTTCTTGAGAGTCGGAGAGGTAAATGGAATTCCCGGTGTAGCGGTGAAATGCGTAGATATCGGGAGGAACACCAGTGGCGAAGGCGATTTACTGGACGACAACTGACGCTGAGACACGAAAGCGTGGGGAGCAA",3.239,0.058,"Bacteria","Bacillota","Clostridia","Clostridiales","Ruminococcaceae",NA
"ASV_104","AAGCGTTGTCCGGAATTACTGGGTGTAAAGGGAGCGCAGGCGGGAAATCAAGTTGGATGTGAAATGTCGGGGCTTAACCCCGGAACTGCATCCAAAACTGATATTCTTGAGTGAAGTAGAGGTAGGCGGAATTCCGAGTGTAGCGGTGAAATGCGTAGATATTCGGAGGAACACCAGTGGCGAAGGCGGCCTACTGGGCTTTAACTGACGCTGAGGCTCGAAAGTGTGGGGAGCAA",3.193,0.265,"Bacteria","Bacillota","Clostridia","Clostridiales","Ruminococcaceae",NA
"ASV_76","GAGCGTTATCCGGATTTATTGGGTTTAAAGGGAGCGTAGGTGGATTGTTAAGTCAGTTGTGAAAGTTTGCGGCTCAACCGTAAAATTGCAGTTGAAACTGGCAGTCTTGAGTACAGTAGAGGTGGGCGGAATTCGTGGTGTAGCGGTGAAATGCTTAGATATCACGAAGAACTCCGATTGCGAAGGCAGCTCACTAGACTGCAACTGACACTGATGCTCGAAAGTGTGGGTATCAA",3.193,0.084,"Bacteria","Bacteroidota","Bacteroidia","Bacteroidales","Bacteroidaceae",NA
"ASV_205","GGGCGTTATCCGGATTTATTGGGTTTAAAGGGAGCGTAGGCCGTCTGATAAGCGTGTTGTGAAATGTCGGGGCTCAACCTGGGCATTGCAGCGCGAACTGTCAGACTTGAGTGCGCGGGAAGTAGGCGGAATTCGTCGTGTAGCGGTGAAATGCTTAGATATGACGAAGAACTCCGATTGCGAAGGCAGCCTGCTGTAGCGCAACTGACGCTGAAGCTCGAAAGCGTGGGTATCGA",3.178,0.12,"Bacteria","Bacteroidota","Bacteroidia","Bacteroidales","Prevotellaceae",NA
"ASV_43","GAGCGTTATCCGGATTTATTGGGTTTAAAGGGTGCGTAGGTGGTGATTTAAGTCAGCGGTGAAAGTTTGTGGCTCAACCATAAAATTGCCGTTGAAACTGGGTTACTTGAGTGTGTTTGAGGTAGGCGGAATGCGTGGTGTAGCGGTGAAATGCATAGATATCACGCAGAACTCCGATTGCGAAGGCAGCTTACTAAACCATAACTGACACTGAAGCACGAAAGCGTGGGGATCAA",3.174,0.062,"Bacteria","Bacteroidota","Bacteroidia","Bacteroidales","Porphyromonadaceae","merdae"
"ASV_120","AAGCGTTGTCCGGAATTACTGGGTGTAAAGGGAGCGCAGGCGGACCGGCAAGTTGGAAGTGAAATCCATGGGCTCAACCCGTGAATTGCTTTCAAAACTGCTGGCCTTGAGTAGTGCAGAGGTAGGTGGAATTCCCGGTGTAGCGGTGGAATGCGTAGATATCGGGAGGAACACCAGTGGCGAAGGCGACCTACTGGGCACCAACTGACGCTGAGGCTCGAAAGCATGGGTAGCAA",3.142,0.102,"Bacteria","Bacillota","Clostridia","Clostridiales","Ruminococcaceae",NA
"ASV_430","GAGCGTTATCCGGATTTATTGGGTTTAAAGGGTGCGTAGGCGGATCGTCAAGTCAGCGGTCAAAAGTCGGGGCTCAACCCCGTGAAGCCGTTGAAACTGGCGGTCTTGAGTGAGCGAGAAGCAGGCGGAATGCGTGGTGTAGCGGTGAAATGCATAGATATCACGCAGAACCCCGATTGCGAAGGCAGCCTGCCGGCGCTCAACTGACGCTGAGGCACGAAAGTGCGGGGATCGAA",3.141,0.032,"Bacteria","Bacteroidota","Bacteroidia","Bacteroidales","Porphyromonadaceae",NA
"ASV_253","AAGCGTTGTCCGGAATTACTGGGTGTAAAGGGAGCGTAGGCGGGCAGGCAAGTCAGGCGTGAAATATATCGGCTCAACCGGTAACGGCGCTTGAAACTGCAGGTCTTGAGTGAAGTAGAGGTTGGCGGAATTCCTAGTGTAGCGGTGAAATGCGTAGATATTAGGAGGAACACCAGTGGCGAAGGCGGCCAACTGGGCTTTTACTGACGCTGAGGCTCGAAAGTGTGGGGAGCAAA",3.122,0.056,"Bacteria","Bacillota","Clostridia","Clostridiales","Ruminococcaceae",NA
"ASV_165","GAGCGTTGTCCGGAATTATTGGGCGTAAAGGGAGCGCAGGTGGGAAAGTAAGTCAGTCTTAAAAGTGCGGGGCTCAACCCCGTGAGGGGATTGAAACTACTTTTCTTGAGTGCAGGAGAGGAAAGCGGAATTCCTAGTGTAGCGGTGAAATGCGTAGATATTAGGAGGAACACCAGTGGCGAAGGCGGCTTTCTGGACTGTAACTGACACTGAGGCTCGAAAGCCAGGGGAGCGAA",3.117,0.171,"Bacteria","Bacillota","Negativicutes","Selenomonadales","Veillonellaceae",NA
"ASV_320","GAGCGTTGTCCGGAATTATTGGGCGTAAAGAGCATGTAGGCGGTCTTTTAAGTCTGGAGTGAAAATGCGGGGCTCAACCCCGTATGGCTCTGGATACTGGAGGACTTGAGTGCAGGAGAGGAAAGGGGAATTCCCAGTGTAGCGGTGAAATGCGTAGATATTGGGAGGAACACCAGTGGCGAAGGCGCCTTTCTGGACTGTGTCTGACGCTGAGATGCGAAAGCCAGGGTAGCGAA",3.108,0.102,"Bacteria","Bacillota","Negativicutes","Selenomonadales","Acidaminococcaceae",NA
"ASV_218","GAGCGTTATCCGGAATGATTGGGCGTAAAGGGTGCGTAGGTGGCAGATCAAGTCTGGAGTAAAAGGTATGGGCTCAACCCGTACTGGCTCTGGAAACTGATCAGCTAGAGAACAGAAGAGGACGGCGGAACTCCATGTGTAGCGGTAAAATGCGTAGATATATGGAAGAACACCGGTGGCGAAGGCGGCCGTCTGGTCTGGATACTGACACTGAAGCACGAAAGCGTGGGGAGCAA",3.103,0.117,"Bacteria","Bacillota","Erysipelotrichia","Erysipelotrichales","Erysipelotrichaceae",NA
"ASV_178","AAGCGTTATCCGGATTTACTGGGTGTAAAGGGAGCGTAGACGGCGATGCAAGTCTGAAGTGAAATACCCGGGCTCAACCTGGGAACTGCTTTGGAAACTGTATGGCTAGAGTGCTGGAGAGGTAAGCGGAATTCCTAGTGTAGCGGTGAAATGCGTAGATATTAGGAAGAACACCAGTGGCGAAGGCGGCTTACTGGACAGTAACTGACGTTCAGGCTCGAAAGCGTGGGGAGCAA",3.087,0.072,"Bacteria","Bacillota","Clostridia","Clostridiales","Lachnospiraceae",NA
"ASV_78","AAGCGTTATCCGGATTTACTGGGTGTAAAGGGAGCGTAGACGGTAAAGCAAGTCTGAAGTGAAAGCCCGGGGCTCAACCCCGGGACTGCTTTGGAAACTGTTTAACTAGAGTGCTGGAGAGGTAAGCGGAATTCCTAGTGTAGCGGTGAAATGCGTAGATATTAGGAGGAACACCAGTGGCGAAGGCGGCTTACTGGACAGTAACTGACGTTGAGGCTCGAAAGCGTGGGGAGCAA",3.079,0.064,"Bacteria","Bacillota","Clostridia","Clostridiales","Lachnospiraceae",NA
"ASV_245","AAGCGTTGTCCGGAATTACTGGGTGTAAAGGGAGCGCAGGCGGGGGAGCAAGTCAGCTGTGAAATCTATGGGCTTAACCCATAAACTGCAGTTGAAACTGTTCTTCTTGAGTGAAGTAGAGGTTGGCGGAATTCCGAGTGTAGCGGTGAAATGCGTAGATATTCGGAGGAACACCGGTGGCGAAGGCGGCCAACTGGGCTTTTACTGACGCTGAGGCTCGAAAGTGTGGGGAGCAA",3.007,0.097,"Bacteria","Bacillota","Clostridia","Clostridiales","Eubacteriaceae","coprostanoligenes"
"ASV_224","AAGCGTTGTCCGGAATTACTGGGTGTAAAGGGAGTGTAGGCGGGATGGTAAGTTAGGTGTGAAATCTATGGGCTCAACCCATAAATTGCACTTAAAACTGCTGTTCTTGAGTGAAGTAGAGGTTAGCGGAATTCCTAGTGTAGCGGTGAAATGCGTAGATATTAGGAGGAACATCAGTGGCGAAGGCGGCTAACTGGGCTTTTACTGACGCTGAGGCTCGAAAGCGTGGGGAGCAA",3.003,0.08,"Bacteria","Bacillota","Clostridia","Clostridiales","Ruminococcaceae",NA
"ASV_177","AAGCGTTGTCCGGAATTACTGGGTGTAAAGGGAGCGCAGGCGGAAGGACAAGTTGGAAGTGAAACCCACGGGCTCAACCCGTGAACTGCTTTCAAAACTGTTTTTCTTGAGTGGTGTAGAGGTAGGCGGAATTCCCGGTGTAGCGGTGGAATGCGTAGATATCGGGAGGAACACCAGTGGCGAAGGCGGCCTACTGGGCACTAACTGACGCTGAGGCTCGAAAGCATGGGTAGCAA",3.002,0.138,"Bacteria","Bacillota","Clostridia","Clostridiales","Ruminococcaceae",NA
"ASV_89","AAGCGTTATCCGGATTTACTGGGTGTAAAGGGAGCGTAGACGGCGAGACAAGTCTGAAGTGAAAGCCCGGGGCTCAACCCCGGGACTGCTTTGGAAACTGCCTTGCTAGAGTGCTGGAGAGGTAAGTGGAATTCCTAGTGTAGCGGTGAAATGCGTAGATATTAGGAGGAACACCAGTGGCGAAGGCGGCTTACTGGACAGTAACTGACGTTGAGGCTCGAAAGCGTGGGGAGCAA",2.992,0.198,"Bacteria","Bacillota","Clostridia","Clostridiales","Lachnospiraceae",NA
"ASV_338","AAGCGTTGTCCGGAATTATTGGGCGTAAAGGGCGCGCAGGCGGCATCATAAGTCGGTCTTAAAAGTGCGGGGCTTAACCCCGTGAGGGGACCGAAACTGTGGAGCTGGAGTATCGGAGAGGAAAGCGGAATTCCTAGTGTAGCGGTGAAATGCGTAGATATTAGGAGGAACACCAGTGGCGAAAGCGGCTTTCTGGACGACAACTGACGCTGAGGCGCGAAAGCCAGGGGAGCGAA",2.99,0.076,"Bacteria","Bacillota","Negativicutes","Selenomonadales","Veillonellaceae",NA
"ASV_114","AAGCGTTATCCGGATTTATTGGGTTTAAAGGGTGCGTAGGCGGTTTGATAAGTTAGAGGTGAAATCCCGGGGCTTAACTCCGGAACTGCCTCTAATACTGTTAGACTAGAGAGTAGTTGCGGTAGGCGGAATGTATGGTGTAGCGGTGAAATGCTTAGAGATCATACAGAACACCGATTGCGAAGGCAGCTTACCAAACTATATCTGACGTTGAGGCACGAAAGCGTGGGGAGCAA",2.99,0.023,"Bacteria","Bacteroidota","Bacteroidia","Bacteroidales","Rikenellaceae",NA
"ASV_105","GAGCGTTATCCGGATTTATTGGGTTTAAAGGGAGCGTAGGTGGATTGTTAAGTCAGTTGTGAAAGTTTGCGGCTCAACCGTAAAATTGCAGTTGAAACTGGCAGTCTTGAGTACAGTAGAGGTGGGCGGAATTCGTGGTGTAGCGGTGAAATGCTTAGATATCACGAAGAACTCCGATTGCGAAGGCAGCTCACTAGACTGTTACTGACACTGATGCTCGAAAGTGTGGGTATCAA",2.982,0.034,"Bacteria","Bacteroidota","Bacteroidia","Bacteroidales","Bacteroidaceae","ovatus"
"ASV_222","AAGCGTTATCCGGATTTATTGGGTTTAAAGGGTGCGTAGGCGGTTTGATAAGTTAGAGGTGAAATACCGGGGCTCAACTCCGGAACTGCCTCTAATACTGTTGAACTAGAGAGTAGTTGCGGTAGGCGGAATGTATGGTGTAGCGGTGAAATGCTTAGAGATCATACAGAACACCGATTGCGAAGGCAGCTTACCAAACTATATCTGACGTTGAGGCACGAAAGCGTGGGGAGCAA",2.977,0.025,"Bacteria","Bacteroidota","Bacteroidia","Bacteroidales","Rikenellaceae","finegoldii"
"ASV_198","AAGCGTTATCCGGATTTATTGGGTTTAAAGGGTGCGTAGGCGGTTTAGTAAGTCAGCGGTGAAATTTTGGTGCTTAACACCAAACGTGCCGTTGATACTGCTGGGCTAGAGAGTAGTTGCGGTAGGCGGAATGTATGGTGTAGCGGTGAAATGCTTAGAGATCATACAGAACACCGATTGCGAAGGCAGCTTACCAAACTATATCTGACGTTGAGGCACGAAAGCGTGGGGAGCAA",2.957,0.039,"Bacteria","Bacteroidota","Bacteroidia","Bacteroidales","Rikenellaceae","obesi"
"ASV_247","GAGCGTTGTCCGGATTTATTGGGCGTAAAGCGAGCGCAGGCGGTTTAATAAGTCTGAAGTTAAAGGCAGTGGCTTAACCATTGTTCGCTTTGGAAACTGTTAGACTTGAGTGCAGAAGGGGAGAGTGGAATTCCATGTGTAGCGGTGAAATGCGTAGATATATGGAGGAACACCGGTGGCGAAAGCGGCTCTCTGGTCTGTAACTGACGCTGAGGCTCGAAAGCGTGGGGAGCAAA",2.942,0.083,"Bacteria","Bacillota","Bacilli","Lactobacillales","Streptococcaceae",NA
"ASV_153","AAGCGTTATCCGGATTTACTGGGTGTAAAGGGAGCGTAGACGGTAGACCAAGTCTGAAGTGAAAGCCCGGGGCTCAACCCCGGAACTGCTTTGGAAACTGGTAAACTAGAGTGCAGGAGAGGTAAGTGGAATTCCTAGTGTAGCGGTGAAATGCGTAGATATTAGGAGGAACACCAGTGGCGAAGGCGGCTTACTGGACTGTAACTGACGTTGAGGCTCGAAAGCGTGGGGAGCAA",2.935,0.094,"Bacteria","Bacillota","Clostridia","Clostridiales","Lachnospiraceae",NA
"ASV_102","AAGCGTTATCCGGATTTACTGGGTGTAAAGGGAGCGTAGACGGCGACGCAAGTCTGAAGTGAAATACCCGGGCTCAACCTGGGAACTGCTTTGGAAACTGTGTTGCTAGAGTGCTGGAGAGGTAAGCGGAATTCCTAGTGTAGCGGTGAAATGCGTAGATATTAGGAAGAACACCAGTGGCGAAGGCGGCTTACTGGACAGTAACTGACGTTGAGGCTCGAAAGCGTGGGGAGCAA",2.925,0.139,"Bacteria","Bacillota","Clostridia","Clostridiales","Lachnospiraceae",NA
"ASV_201","AAGCGTTATCCGGATTTACTGGGTGTAAAGGGTGCGTAGGTGGCAAGGCAAGTCAGATGTGAAAGCCCGGGGCTCAACCCCGGTACTGCATTTGAAACTGTCTAGCTAGAGTGCAGGAGAGGTAAGCGGAATTCCTAGTGTAGCGGTGAAATGCGTAGATATTAGGAGGAACACCAGTGGCGAAGGCGGCTTACTGGACTGTAACTGACACTGAGGCACGAAAGCGTGGGGAGCAA",2.917,0.024,"Bacteria","Bacillota","Clostridia","Clostridiales","Lachnospiraceae",NA
"ASV_129","AAGCGTTGTCCGGATTTACTGGGTGTAAAGGGCGCGTAGGCGGACTGTCAAGTCAGTCGTGAAATACCGGGGCTTAACCCCGGGGCTGCGATTGAAACTGACAGCCTTGAGTATCGGAGAGGAAAGCGGAATTCCTAGTGTAGCGGTGAAATGCGTAGATATTAGGAGGAACACCAGTGGCGAAGGCGGCTTTCTGGACGACAACTGACGCTGAGGCGCGAAAGTGTGGGGAGCAA",2.883,0.033,"Bacteria","Bacillota","Clostridia","Clostridiales","Ruminococcaceae",NA
"ASV_290","AAGCGTTATCCGGAATTACTGGGTGTAAAGGGAGCGTAGGCGGCACGCCAAGCCAGATGTGAAAGCCCGAGGCTTAACCTCGCGGATTGCATTTGGAACTGGCGAGCTAGAGTACAGGAGAGGAAAGCGGAATTCCTAGTGTAGCGGTGAAATGCGTAGATATTAGGAAGAACACCAGTGGCGAAGGCGGCTTTCTGGACTGAAACTGACGCTGAGGCTCGAAAGCGTGGGGAGCA",2.865,0.034,"Bacteria","Bacillota","Clostridia","Clostridiales","Lachnospiraceae",NA
"ASV_331","AAGCGTTATCCGGATTTACTGGGTGTAAAGGGAGCGCAGGCGGTACGGCAAGTCTGATGTGAAAGCCCGGGGCTCAACCCCGGGACTGCATTGGAAACTGTCGGACTAGAGTGTCGGAGGGGTAAGTGGAATTCCTAGTGTAGCGGTGAAATGCGTAGATATTAGGAGGAACACCAGTGGCGAAGGCGGCTTACTGGACGATGACTGACGCTGAGGCTCGAAAGCGTGGGGAGCAA",2.863,0.055,"Bacteria","Bacillota","Clostridia","Clostridiales","Lachnospiraceae",NA
"ASV_280","GAGCGTTATCCGGAATTATTGGGCGTAAAGGGTGCGTAGGCGGCCTGTTAAGTTTATGGTGAAAGCGTGGGGCTCAACCCCATAAAGCCATAGATACTGGCAGGCTAGAGTACTGGAGAGGGTAGTGGAATTCCATGTGTAGCGGTAAAATGCGTAGATATATGGAGGAACACCGGTGGCGAAGGCGGCTACCTAGACAGAGACTGACGCTGAGGCACGAAAGCGTGGGGAGCAAA",2.851,0.077,"Bacteria","Bacillota","Erysipelotrichia","Erysipelotrichales","Erysipelotrichaceae",NA
"ASV_498","AAGCGTTATCCGGATTTACTGGGTGTAAAGGGAGCGTAGACGGTTTTGCAAGTCTGAAGTGAAAGCCCGGGGCTTAACTCCGGGACTGCTTTGGAAACTGTAGAACTAGAGTGCAGGAGAGGTAAGTGGAATTCCTAGTGTAGCGGTGAAATGCGTAGATATTAGGAGGAACACCAGTGGCGAAGGCGGCTTACTGGACTGTAACTGACGTTGAGGCTCGAAAGCGTGGGGAGCAA",2.789,0.019,"Bacteria","Bacillota","Clostridia","Clostridiales","Lachnospiraceae",NA
"ASV_590","GAGCGTTATCCGGATTTATTGGGTTTAAAGGGAGCGTAGGCGGGCTTTTAAGTCAGCGGTCAAATGTCACGGCTCAACCGTGGCCAGCCGTTGAAACTGCAAGCCTTGAGTCTGCACAGGGCACATGGAATTCGTGGTGTAGCGGTGAAATGCTTAGATATCACGAAGAACTCCGATCGCGAAGGCATTGTGCCGGGGCATAACTGACGCTGAGGCTCGAAAGTGCGGGTATCAAA",2.788,0.015,"Bacteria","Bacteroidota","Bacteroidia","Bacteroidales","Prevotellaceae",NA
"ASV_364","GAGCGTTATCCGGATTTATTGGGTTTAAAGGGAGCGTAGGCGGGGTATTAAGTCAGTTGTGAAAGTTTGCGGCTCAACCGTAAAATTGCAGTTGATACTGGTATCCTTGAGTGCAGCAGAGGTGGGCGGAATTCGTGGTGTAGCGGTGAAATGCTTAGATATCACGAAGAACTCCGATTGCGAAGGCAGCTCACTGGAGTGTAACTGACGCTGATGCTCGAAAGTGTGGGTATCAA",2.786,0.014,"Bacteria","Bacteroidota","Bacteroidia","Bacteroidales","Bacteroidaceae","clarus"
"ASV_240","AAGCGTTATCCGGAATTATTGGGCGTAAAGGGCTCGTAGGCGGTTCGTCGCGTCCGGTGTGAAAGTCCATCGCTTAACGGTGGATCCGCGCCGGGTACGGGCGGGCTTGAGTGCGGTAGGGGAGACTGGAATTCCCGGTGTAACGGTGGAATGTGTAGATATCGGGAAGAACACCAATGGCGAAGGCAGGTCTCTGGGCCGTTACTGACGCTGAGGAGCGAAAGCGTGGGGAGCGA",2.775,0.03,"Bacteria","Actinomycetota","Actinobacteria","Bifidobacteriales","Bifidobacteriaceae",NA
"ASV_277","AAGCGTTGTCCGGATTTACTGGGTGTAAAGGGCGTGTAGCCGGGTCGGCAAGTCAGATGTGAAATCCACGGGCTCAACTCGTGAACTGCATTTGAAACTGTTGATCTTGAGTATCGGAGAGGCAATCGGAATTCCTAGTGTAGCGGTGAAATGCGTAGATATTAGGAGGAACACCAGTGGCGAAGGCGGATTGCTGGACGACAACTGACGGTGAGGCGCGAAAGCGTGGGGAGCAA",2.761,0.071,"Bacteria","Bacillota","Clostridia","Clostridiales","Ruminococcaceae",NA
"ASV_381","GAGCGTTGTCCGGAATTACTGGGTGTAAAGGGAGCGTAGGCGGGGCTTTAAGTCAGGTGTGAAATGTATGGGCTCAACCCATAAACTGCACTTGAAACTGAGGCTCTTGAGTGAAGTAGAGGCAGGCGGAATTCCTAGTGTAGCGGTGAAATGCGTAGATATTAGGAGGAACATCAGTGGCGAAGGCGGCCTGCTGGGCTTTTACTGACGCTGAGGCTCGAAAGCGTGGGGAGCAA",2.756,0.043,"Bacteria","Bacillota","Clostridia","Clostridiales","Ruminococcaceae",NA
"ASV_402","GAGCGTTATCCGGATTTATTGGGTTTAAAGGGTGCGTAGGCGGAAGTGCAAGTCAGCGGTGAAATCCCCGCGCTCAACGCGGGAGTTGCCGTTGATACTGTACATCTGGAATGCTCTTGCCGTGGGAGGAATGAGTAGTGTAGCGGTGAAATGCATAGATATTACTCAGAACACCGATTGCGAAGGCATCTCACGAAGGGGCGATTGACGCTGAGGCACGAAAGCGTGGGTATCGA",2.734,0.04,"Bacteria","Bacteroidota","Bacteroidia","Bacteroidales","Marinilabiliaceae",NA
"ASV_216","AAGCGTTGTCCGGAATTACTGGGTGTAAAGGGAGCGCAGGCGGGTGATCAAGTCAGCTGTGAAAACTACGGGCTTAACCCGTAGACTGCAGTTGAAACTGTTCATCTTGAGTGAAGTAGAGGTTGGCGGAATTCCGAGTGTAGCGGTGAAATGCGTAGATATTCGGAGGAACACCGGTGGCGAAGGCGGCCAACTGGGCTTTAACTGACGCTGAGGCTCGAAAGTGTGGGGAGCAA",2.715,0.04,"Bacteria","Bacillota","Clostridia","Clostridiales","Ruminococcaceae",NA
"ASV_163","AAGCGTTATCCGGATTTACTGGGTGTAAAGGGCGCGCAGGCGGGCCGGTAAGTTGGAAGTGAAATCTATGGGCTTAACCCATAAACTGCTTTCAAAACTGCTGGTCTTGAGTGATGGAGAGGCAGGCGGAATTCCGTGTGTAGCGGTGAAATGCGTAGATATACGGAGGAACACCAGTGGCGAAGGCGGCCTGCTGGACATTAACTGACGCTGAGGCGCGAAAGCGTGGGGAGCAA",2.705,0.021,"Bacteria","Bacillota","Clostridia","Clostridiales","Ruminococcaceae",NA
"ASV_427","GAGCGTTATCCGGAATGATTGGGCGTAAAGGGTGCGTAGGTGGCAGAACAAGTCTGGAGTAAAAGGTATGGGCTCAACCCGTACTGGCTCTGGAAACTGTTCAGCTAGAGAACAGAAGAGGACGGCGGAACTCCATGTGTAGCGGTAAAATGCGTAGATATATGGAAGAACACCGGTGGCGAAGGCGGCCGTCTGGTCTGGATTCTGACACTGAAGCACGAAAGCGTGGGGAGCAA",2.694,0.038,"Bacteria","Bacillota","Erysipelotrichia","Erysipelotrichales","Erysipelotrichaceae",NA
"ASV_418","AAGCGTTGTCCGGATTTACTGGGTGTAAAGGGCGTGTAGGCGGGGCTGCAAGTCAGAAGTGAAATCTATGGGCTTAACCCATAAACTGCTTTTGAAACTGTGGCTCTTGAGTATCGGAGAGGCAGGCGGAATTCCTAGTGTAGCGGTGAAATGCGTAGATATTAGGAGGAACACCAGTGGCGAAGGCGGCCTGCTGGACGACAACTGACGCTGAGGCGCGAAAGCGTGGGGAGCAA",2.693,0.021,"Bacteria","Bacillota","Clostridia","Clostridiales","Ruminococcaceae",NA
"ASV_356","AAGCGTTGTCCGGATTTACTGGGTGTAAAGGGCGTGTAGGCGGGAGAGCAAGTCAGAAGTGAAATCCATGGGCTTAACCCATGAACTGCTTTTGAAACTGTTCTTCTTGAGTATCGGAGAGGCAGGCGGAATTCCTAGTGTAGCGGTGAAATGCGTAGATATTAGGAGGAACACCAGTGGCGAAGGCGGCCTGCTGGACGACAACTGACGCTGAGGCGCGAAAGCGTGGGGAGCAA",2.687,0.031,"Bacteria","Bacillota","Clostridia","Clostridiales","Ruminococcaceae",NA
"ASV_266","GAGCGTTATCCGGATTTATTGGGTTTAAAGGGTGCGTAGGCGGTTTATTAAGTTAGTGGTTAAATATTTGAGCTAAACTCAATTGTGCCATTAATACTGGTAAACTGGAGTACAGACGAGGTAGGCGGAATAAGTTAAGTAGCGGTGAAATGCATAGATATAACTTAGAACTCCGATAGCGAAGGCAGCTTACCAGACTGTAACTGACGCTGATGCACGAGAGCGTGGGTAGCGAA",2.666,0.028,"Bacteria","Bacteroidota","Bacteroidia","Bacteroidales","Porphyromonadaceae","splanchnicus"
"ASV_144","AAGCGTTGTCCGGAATTATTGGGCGTAAAGGGCGCGCAGGCGGCGTCGTAAGTCGGTCTTAAAAGTGCGGGGCTTAACCCCGTGAGGGGACCGAAACTGCGATGCTAGAGTATCGGAGAGGAAAGCGGAATTCCTAGTGTAGCGGTGAAATGCGTAGATATTAGGAGGAACACCAGTGGCGAAAGCGGCTTTCTGGACGACAACTGACGCTGAGGCGCGAAAGCCAGGGGAGCAAA",2.651,0.017,"Bacteria","Bacillota","Negativicutes","Selenomonadales","Veillonellaceae",NA
"ASV_439","AAGCGTTATCCGGATTTACTGGGTGTAAAGGGAGCGCAGGCGGTACGGCAAGTCTGATGTGAAAGCCCGGGGCTCAACCCCGGTACTGCATTGGAAACTGTCGAACTAGAGTGTCGGAGGGGTAAGCGGAATTCCTAGTGTAGCGGTGAAATGCGTAGATATTAGGAGGAACACCAGTGGCGAAGGCGGCTTACTGGACGATAACTGACGCTGAGGCTCGAAAGCGTGGGGAGCAA",2.649,0.031,"Bacteria","Bacillota","Clostridia","Clostridiales","Lachnospiraceae",NA
"ASV_188","AAGCGTTATCCGGATTTACTGGGTGTAAAGGGAGCGTAGACGGTCAAGCAAGTCAGAAGTGAAAGGCTGGGGCTCAACCCCGGGACTGCTTTTGAAACTGTTTGACTGGAGTGCTGGAGAGGTAAGCGGAATTCCTAGTGTAGCGGTGAAATGCGTAGATATTAGGAGGAACACCAGTGGCGAAGGCGGCTTACTGGACAGTAACTGACGTTGAGGCTCGAAAGCGTGGGGAGCAA",2.642,0.068,"Bacteria","Bacillota","Clostridia","Clostridiales","Lachnospiraceae",NA
"ASV_435","AAGCGTTATCCGGATTTATTGGGCGTAAAGGGTGCGCAGGCGGATTGTTAAGTTCGAGGTGAAAGCGTTGGGCTCAACCCAATATAGCCTTAAATACTGGCAATCTAGAGTGCAGAAGAGGGTAATGGAATTCCATGTGTAGCGGTAAAATGCGTAGATATATGGAGGAACACCAGCGGCGAAGGCGGTTACCTGGTCTGTAACTGACGCTCAGGCACGAAAGCGTGGGGAGCAAA",2.636,0.039,"Bacteria","Bacillota","Erysipelotrichia","Erysipelotrichales","Erysipelotrichaceae",NA
"ASV_149","AAGCGTTATCCGGATTTACTGGGTGTAAAGGGAGCGCAGACGGCGATGCAAGTCTGGAGTGAAAGCCCGGGGCTCAACCCCGGGACTGCTTTGGAAACTGTATGGCTAGAGTGCTGGAGAGGCAAGCGGAATTCCTAGTGTAGCGGTGAAATGCGTAGATATTAGGAAGAACACCAGTGGCGAAGGCGGCTTGCTGGACAGTAACTGACGTTCAGGCTCGAAAGCGTGGGGAGCAA",2.631,0.059,"Bacteria","Bacillota","Clostridia","Clostridiales","Lachnospiraceae",NA
"ASV_260","GAGCGTTATCCGGATTCATTGGGCGTAAAGCGCGCGTAGGCGGCCCGGCAGGCCGGGGGTCGAAGCGGGGGGCTCAACCCCCCGAAGCCCCCGGAACCTCCGCGGCTTGGGTCCGGTAGGGGAGGGTGGAACACCCGGTGTAGCGGTGGAATGCGCAGATATCGGGTGGAACACCGGTGGCGAAGGCGGCCCTCTGGGCCGAGACCGACGCTGAGGCGCGAAAGCTGGGGGAGCGA",2.612,0.04,"Bacteria","Actinomycetota","Actinobacteria","Coriobacteriales","Coriobacteriaceae","aerofaciens"
"ASV_349","AAGCGTTGTCCGGAATTACTGGGTGTAAAGGGAGCGCAGGCGGGGGAGCAAGTCAGCTGTGAAATCCATGGGCTTAACCCGTGAACTGCAGTTGAAACTGTTCTTCTTGAGTGAAGTAGAGGTTGGCGGAATTCCGAGTGTAGCGGTGAAATGCGTAGATATTCGGAGGAACACCGGTGGCGAAGGCGGCCAACTGGGCTTTTACTGACGCTGAGGCTCGAAAGTGTGGGGAGCAA",2.61,0.035,"Bacteria","Bacillota","Clostridia","Clostridiales","Eubacteriaceae",NA
"ASV_533","GAGCGTTATCCGGATTTATTGGGTTTAAAGGGTGCGTAGGCGGCACGCCAAGTCAGCGGTGAAATTTCCGGGCTCAACCCGGACTGTGCCGTTGAAACTGGCGAGCTAGAGTGCACAAGAGGCAGGCGGAATGCGTGGTGTAGCGGTGAAATGCATAGATATCACGCAGAACCCCGATTGCGAAGGCAGCCTGCTAGGGTGCGACAGACGCTGAGGCACGAAAGCGTGGGTATCGA",2.61,0.011,"Bacteria","Bacteroidota","Bacteroidia","Bacteroidales","Porphyromonadaceae",NA
"ASV_399","GAGCGTTGTCCGGAATTATTGGGCGTAAAGGGAGCGCAGGCGGGAAGGTAAGTCTATCTTAAAAGTGCGGGGCTCAACCCCGTGAGGGGATGGAAACTATCTTTCTTGAGTGCAGGAGAGGAAAGCGGAATTCCTAGTGTAGCGGTGAAATGCGTAGATATTAGGAGGAACACCAGTGGCGAAGGCGGCTTTCTGGACTGTAACTGACGCTGAGGCTCGAAAGCGTGGGGAGCGAA",2.606,0.013,"Bacteria","Bacillota","Negativicutes","Selenomonadales","Veillonellaceae","jalaludinii"
"ASV_473","GAGCGTTATCCGGAATTACTGGGTGTAAAGGGAGCGTAGGCGGGAATGCAAGTCAGATGTGAAAACCAAGGGCTCAACCTTTGGACTGCATTTGAAACTGTGTTTCTTGAGTGAAGTAGAGGCAAGCGGAATTCCTAGTGTAGCGGTGAAATGCGTAGATATTAGGAGGAACATCGGTGGCGAAGGCGGCTTGCTGGGCTTTTACTGACGCTGAGGCTCGAAAGCGTGGGGAGCAA",2.592,0.03,"Bacteria","Bacillota","Clostridia","Clostridiales","Ruminococcaceae",NA
"ASV_306","AAGCGTTATCCGGATTTATTGGGTGTAAAGGGTGCGTAGACGGGAGATTAAGTTAGTTGTGAAAGCCCTCGGCTTAACTGAGGAATTGCAACTAAAACTGGTTTTCTTGAGTGCAGGAGAGGTAAGTGGAATTCCTAGTGTAGCGGTGAAATGCGTAGATATTAGGAGGAACACCAGTGGCGAAGGCGACTTACTGGACTGTAACTGACGTTGAGGCACGAAAGTGTGGGGAGCAA",2.568,0.03,"Bacteria","Bacillota","Clostridia","Clostridiales","Lachnospiraceae",NA
"ASV_309","AAGCGTTGTCCGGAATTACTGGGTGTAAAGGGAGCGCAGGCGGGCATGCAAGTTGGAAGTGAAAACTATGGGCTCAACCCATAGCCTGCTTTCAAAACTGCGTGTCTTGAGTAGTGCAGAGGTAGGCGGAATTCCCGGTGTAGCGGTGGAATGCGTAGATATCGGGAGGAACACCAGTGGCGAAGGCGGCCTACTGGGCACCAACTGACGCTGAGGCTCGAAAGCATGGGTAGCAA",2.56,0.064,"Bacteria","Bacillota","Clostridia","Clostridiales","Ruminococcaceae",NA
"ASV_476","AAGCGTTATCCGGATTTACTGGGTGTAAAGGGAGCGTAGACGGTATGGTAAGTCAGATGTGAAAGCCCGGGGCTTAACCCCGGAACTGCATTTGAAACTATCAAACTAGAGTGTCGGAGAGGTAAGTGGAATTCCTAGTGTAGCGGTGAAATGCGTAGATATTAGGAGGAACACCAGTGGCGAAGGCGGCTTACTGGACGATAACTGACGTTGAGGCTCGAAAGCGTGGGGAGCAA",2.539,0.024,"Bacteria","Bacillota","Clostridia","Clostridiales","Lachnospiraceae",NA
"ASV_429","AAGCGTTGTCCGGAATCATTGGGCGTAAAGAGTTCGTAGGCGGTTTGTTAAGTCTGGTGTTAAAGCCCGAAGCTCAACTTCGGTTCGGCACTGGATACTGGCAGACTAGAATGCGGTAGAGGTAAAGGGAATTCCTGGTGTAGCGGTGAAATGCGTAGATATCAGGAGGAACATCGGTGGCGTAAGCGCTTTACTGGGCCGTAATTGACGCTGAGGAACGAAAGCCAGGGTAGCGA",2.536,0.04,"Bacteria","Pseudomonadota","Deltaproteobacteria","Bdellovibrionales","Bdellovibrionaceae",NA
"ASV_496","AAGCGTTATCCGGATTTACTGGGTGTAAAGGGTGCGTAGGTGGTATGGTAAGTCAGAAGTGAAAACCCGGGGCTCAACTCCGCGGATTGCTTTTGAAACTATCAGACTGGAGTACCGGAGAGGTAAGCGGAATTCCTAGTGTAGCGGTGAAATGCGTAGATATTAGGAGGAACACCAGTGGCGAAGGCGGCTTACTGGACGGTAACTGACACTGAGGCACGAAAGCGTGGGGAGCA",2.532,0.027,"Bacteria","Bacillota","Clostridia","Clostridiales","Lachnospiraceae",NA
"ASV_625","AAGCGTTATCCGGATTTACTGGGTGTAAAGGGCGCGTAGGCGGGGATGCAAGTCAGATGTGAAATCTATGGGCTTAACCCATAAACTGCATTTGAAACTGTGTCTCTTGAGTGCTGGAGAGGTAGATGGAATTCCTTGTGTAGCGGTGAAATGCGTAGATATAAGGAAGAACACCAGTGGCGAAGGCGATCTACTGGACAGTAACTGACGCTGAGGCGCGAAAGCGTGGGGAGCAA",2.53,0.027,"Bacteria","Bacillota","Clostridia","Clostridiales","Ruminococcaceae",NA
"ASV_493","AAGCGTTATCCGGATTTACTGGGTGTAAAGGGCGAGTAGGCGGATTGGCAAGTTGGGAGTGAAATGTCGGGGCTTAACCCCGGAACTGCTTCCAAAACTGTTGATCTTGAGTGATGGAGAGGCAGGCGGAATTCCCAGTGTAGCGGTGAAATGCGTAGATATTGGGAGGAACACCAGTGGCGAAGGCGGCCTGCTGGACATTAACTGACGCTGAGGAGCGAAAGCGTGGGGAGCAA",2.529,0.026,"Bacteria","Bacillota","Clostridia","Clostridiales","Ruminococcaceae",NA
"ASV_287","AAGCGTTATCCGGATTTACTGGGTGTAAAGGGAGCGTAGACGGTAAAGCAAGTCTGAAGTGAAAGCCCGGGGCTCAACCGCGGGACTGCTTTGGAAACTGTTTAACTAGAGTGCTGGAGAGGTAAGCGGAATTCCTAGTGTAGCGGTGAAATGCGTAGATATTAGGAGGAACACCAGTGGCGAAGGCGGCTTACTGGACAGTAACTGACGTTGAGGCTCGAAAGCGTGGGGAGCAA",2.522,0.062,"Bacteria","Bacillota","Clostridia","Clostridiales","Lachnospiraceae",NA
"ASV_355","AAGCGTTATCCGGATTTACTGGGTGTAAAGGGTGAGTAGGCGGTCATGCAAGTCATATGTGAAATGTCAGGGCTTAACCTTGGCGCTGCATAAGAAACTGTATGACTAGAGTGCAGGAGAGGTAAGCGGAATTCCTAGTGTAGCGGTGAAATGCGTAGATATTAGGAAGAACACCGGTGGCGAAGGCGGCTTACTGGACTGTTACTGACGCTGAGTCACGAAAGCGTGGGGAGCAA",2.498,0.007,"Bacteria","Bacillota","Clostridia","Clostridiales","Lachnospiraceae",NA
"ASV_237","AAGCGTTATCCGGATTTACTGGGTGTAAAGGGAGCGTAGACGGCGAGGCAAGTCTGATGTGAAAACCCGGGGCTCAACCCCGTGACTGCATTGGAAACTGTTTTGCTTGAGTGCCGGAGAGGTAAGCGGAATTCCTAGTGTAGCGGTGAAATGCGTAGATATTAGGAGGAACACCAGTGGCGAAGGCGGCTTACTGGACGGCAACTGACGTTGAGGCTCGAAAGCGTGGGGAGCAA",2.498,0.024,"Bacteria","Bacillota","Clostridia","Clostridiales","Lachnospiraceae",NA
"ASV_299","AAGCGTTATCCGGATTTACTGGGTGTAAAGGGAGCGTAGGTGGCAAGGCAAGTCAGATGTGAAAACCCGGGGCTCAACCCCGGGACTGCATTTGAAACTGTCTAGCTAGAGTGCAGGAGAGGTAAGTGGAATTCCTAGTGTAGCGGTGAAATGCATAGATATTAGGAGGAACACCAGTGGCGAAGGCGGCTTACTGGACTGTAACTGACACTGAGGCTCGAAAGCGTGGGGAGCAA",2.496,0.049,"Bacteria","Bacillota","Clostridia","Clostridiales","Lachnospiraceae",NA
"ASV_692","AAGCGTTATCCGGATTTACTGGGTGTAAAGGGAGTGTAGGTGGCATCGCAAGTCAGAAGTGAAAGCCCGGGGCTCAACCCCGGGACTGCTTTTGAAACTGCGGAGCTAGAGTGCAGGAGGGGCAAGTGGAATTCCTAGTGTAGCGGTGAAATGCGTAGATATTAGGAGGAACACCAGTGGCGAAGGCGGCTTGCTGGACTGTAACTGACACTGAGGCTCGAAAGCGTGGGGAGCAA",2.463,0.024,"Bacteria","Bacillota","Clostridia","Clostridiales","Lachnospiraceae",NA
"ASV_262","GAGCGTTATCCGGATTTATTGGGTTTAAAGGGAGCGTAGGCGGGTGCTTAAGTCAGTTGTGAAAGTTTGCGGCTCAACCGTAAAATTGCAGTTGATACTGGGCGCCTTGAGTGCAGCATAGGTAGGCGGAATTCGTGGTGTAGCGGTGAAATGCTTAGATATCACGAAGAACTCCGATTGCGAAGGCAGCTTACTGGACTGTAACTGACGCTGATGCTCGAAAGTGTGGGTATCAA",2.436,0.005,"Bacteria","Bacteroidota","Bacteroidia","Bacteroidales","Bacteroidaceae","eggerthii"
"ASV_213","GAGCGTTATCCGGATTTATTGGGTTTAAAGGGTGCGTAGGCGGCCTTTTAAGTCAGCGGTGAAAGTCTGTGGCTCAACCATAGAATTGCCGTTGAAACTGGGGGGCTTGAGTATGTTTGAGGCAGGCGGAATGCGTGGTGTAGCGGTGAAATGCATAGATATCACGCAGAACCCCGATTGCGAAGGCAGCCTGCCAAGCCATTACTGACGCTGATGCACGAAAGCGTGGGGATCAA",2.435,0.013,"Bacteria","Bacteroidota","Bacteroidia","Bacteroidales","Porphyromonadaceae","distasonis"
"ASV_428","AAGCGTTATCCGGATTTACTGGGTGTAAAGGGAGCGTAGGTGGCTGCGCAAGTCAGAAGTGAAAGCCCGGGGCTTAACCTCGGGACTGCTTTTGAAACTGTGTAGCTAGAGTGCAGGAGAGGTAAGTGGAATTCCTAGTGTAGCGGTGAAATGCGTAGATATTAGGAGGAACACCGGTGGCGAAGGCGGCTTACTGGACTGTAACTGACACTGAGGCTCGAAAGCGTGGGGAGCAA",2.434,0.025,"Bacteria","Bacillota","Clostridia","Clostridiales","Lachnospiraceae",NA
"ASV_128","AAGCGTTATCCGGATTTACTGGGTGTAAAGGGAGCGTAGACGGCTGTGCAAGTCTGAAGTGAAAGGCATGGGCTCAACCTGTGGACTGCTTTGGAAACTGTGCAGCTAGAGTGTCGGAGAGGTAAGTGGAATTCCTAGTGTAGCGGTGAAATGCGTAGATATTAGGAGGAACACCAGTGGCGAAGGCGGCTTACTGGACGATGACTGACGTTGAGGCTCGAAAGCGTGGGGAGCAA",2.434,0.086,"Bacteria","Bacillota","Clostridia","Clostridiales","Lachnospiraceae","formicigenerans"
"ASV_535","GAGCGTTATCCGGATTTACTGGGCGTAAAGGGAGCGTAGGCGGATGATTAAGTGGGATGTGAAATACCCGGGCTCAACTTGGGTGCTGCATTCCAAACTGGTTATCTAGAGTGCAGGAGAGGAGAGTGGAATTCCTAGTGTAGCGGTGAAATGCGTAGAGATTAGGAAGAACACCAGTGGCGAAGGCGACTCTCTGGACTGTAACTGACGCTGAGGCTCGAAAGCGTGGGGAGCAA",2.417,0.017,"Bacteria","Bacillota","Clostridia","Clostridiales","Clostridiaceae_1",NA
"ASV_572","AAGCGTTGTCCGGATTTACTGGGTGTAAAGGGCGTGTAGGCGGAGATTCAAGTCAGGAGTGAAATCTATGGGCTTAACCCATAAACTGCTTTTGAAACTGAATCCCTTGAGTATCGGAGAGGCAGGCGGAATTCCTAGTGTAGCGGTGAAATGCGTAGATATTAGGAGGAACACCAGTGGCGAAGGCGGCCTGCTGGACGACAACTGACGCTGAGGCGCGAAAGCGTGGGGAGCAA",2.405,0.012,"Bacteria","Bacillota","Clostridia","Clostridiales","Ruminococcaceae",NA
"ASV_515","AAGCGTTATCCGGATTTACTGGGTGTAAAGGGAGCGCAGGCGGGAGGCTAAGTCTGATGTGAAAGCCCGGGGCTCAACCCCGGTACTGCATTGGAAACTGGCCACCTAGAGTGTCGGAGGGGTAAGTGGAATTCCTAGTGTAGCGGTGAAATGCGTAGATATTAGGAGGAACACCAGTGGCGAAGGCGGCTTACTGGACGATTACTGACGCTGAGGCTCGAAAGCGTGGGGAGCAA",2.385,0.026,"Bacteria","Bacillota","Clostridia","Clostridiales","Lachnospiraceae",NA
"ASV_569","AAGCGTTGTCCGGATTTACTGGGTGTAAAGGGCGTGCAGCCGGGTCTGCAAGTCAGATGTGAAATCCATGGGCTTAACCCATGAACTGCATTTGAAACTGTAGGTCTTGAGTGTCGGAGGGGCAATCGGAATTCCTAGTGTAGCGGTGAAATGCGTAGATATTAGGAGGAACACCAGTGGCGAAGGCGGATTGCTGGACGATAACTGACGGTGAGGCGCGAAAGTGTGGGGAGCAA",2.348,0.005,"Bacteria","Bacillota","Clostridia","Clostridiales","Ruminococcaceae",NA
"ASV_645","AAGCGTTATCCGGATTTACTGGGTGTAAAGGGAGCGCAGGCGGTTCTGCAAGTCTGGTGTGAAAGCCCGGGGCTCAACCCCGGGACTGCATTGGAAACTGTGGGACTTGAGTGTCGGAGGGGCAAGTGGAATTCCTAGTGTAGCGGTGAAATGCGTAGATATTAGGAGGAACACCAGTGGCGAAGGCGGCTTGCTGGACGACAACTGACGCTGAGGCTCGAAAGCGTGGGGAGCAA",2.345,0.017,"Bacteria","Bacillota","Clostridia","Clostridiales","Lachnospiraceae",NA
"ASV_433","AAGCGTTATCCGGATTTACTGGGTGTAAAGGGAGTGTAGGTGGCTGTGCAAGTCAGGAGTGAAAGCCCGGGGCTCAACCCCGGGACTGCTCTTGAAACTGCGCAGCTTGAGTGCAGGAGGGGCAGGCGGAATTCCTAGTGTAGCGGTGAAATGCGTAGATATTAGGAGGAACACCGGTGGCGAAGGCGGCCTGCTGGACTGTAACTGACACTGAGGCTCGAAAGCGTGGGGAGCAA",2.338,0.016,"Bacteria","Bacillota","Clostridia","Clostridiales","Lachnospiraceae",NA
"ASV_610","AAGCGTTGTCCGGATTTACTGGGTGTAAAGGGCGTGTAGGCGGAGATGCAAGTTGGGAGTGAAATCCCGGGGCTCAACCCCGGAACTGCTCTCAAAACTGTATCCCTTGAGTATCGGAGAGGCAAGCGGAATTCCTAGTGTAGCGGTGAAATGCGTAGATATTAGGAGGAACACCAGTGGCGAAGGCGGCTTGCTGGACGACAACTGACGCTGAGGCGCGAAAGCGTGGGGAGCAA",2.334,0.017,"Bacteria","Bacillota","Clostridia","Clostridiales","Ruminococcaceae",NA
"ASV_928","GAGCGTTATCCGGATTTATTGGGTTTAAAGGGTGCGTAGGCGGAAGGATAAGTCAGCGGTGAAATGCTTCAGCTCAACTGGAGAATTGCCGATGAAACTGTTTTTCTAGAGTATAAAAGAGGTATGCGGAATGCGTGGTGTAGCGGTGAAATGCATAGATATCACGCAGAACCCCGATTGCGAAGGCAGCATACTGGGCTATAACTGACGCTGAAGCACGAAAGCGTGGGTATCGA",2.326,0.005,"Bacteria","Bacteroidota","Bacteroidia","Bacteroidales","Porphyromonadaceae",NA
"ASV_765","AAGCGTTATCCGGATTTACTGGGTGTAAAGGGTGCGTAGGCGGTATGGCAAGTCAGAAGTGAAAACGCAGGGCTTAACCCTGCGACTGCTTTTGAAACTGTCAGACTAGAGTACAGGAGAGGCAAGCGGAATTCCTAGTGTAGCGGTGAAATGCGTAGATATTAGGAGGAACACCAGTGGCGAAGGCGGCTTGCTGGACTGTTACTGACGCTGAGGCACGAAAGCGTGGGGAGCAA",2.324,0.016,"Bacteria","Bacillota","Clostridia","Clostridiales","Lachnospiraceae",NA
"ASV_441","AAGCGTTGTCCGGATTTACTGGGTGTAAAGGGCGTGCAGCCGGGTGCGCAAGTCAGATGTGAAATCTCAGGGCTCAACCCTGAAACTGCATTTGAAACTGTGCATCTTGAGTGCCGGAGAGGTAATCGGAATTCCTTGTGTAGCGGTGAAATGCGTAGATATAAGGAAGAACACCAGTGGCGAAGGCGGATTACTGGACGGTAACTGACGGTGAGGCGCGAAAGCGTGGGGAGCAA",2.311,0.018,"Bacteria","Bacillota","Clostridia","Clostridiales","Ruminococcaceae",NA
"ASV_143","AAGCGTTGTCCGGATTTACTGGGTGTAAAGGGCGTGTAGCCGGGAAGGCAAGTCAGATGTGAAATCCACGGGCTCAACTCGTGAACTGCATTTGAAACTGTTTTTCTTGAGTATCGGAGAGGCAATCGGAATTCCTAGTGTAGCGGTGAAATGCGTAGATATTAGGAGGAACACCAGTGGCGAAGGCGGATTGCTGGACGACAACTGACGGTGAGGCGCGAAAGCGTGGGGAGCAA",2.303,0.038,"Bacteria","Bacillota","Clostridia","Clostridiales","Ruminococcaceae",NA
"ASV_490","GAGCGTTATCCGGAATTACTGGGTGTAAAGGGTGTGTAGGCGGGACTGCAAGTCTGATGTGAAAACTATGGGCTCAACCCATAGCCTGCATTGGAAACTGTGGTTCTTGAGAGTGGGAGAGGTAAACGGAATTCCCGGTGTAGCGGTGAAATGCGTAGATATCGGGAGGAACATCGGTGGCGAAGGCGGTTTACTGGACCACAACTGACGCTGAGACACGAAAGCGTGGGGAGCAA",2.302,0.028,"Bacteria","Bacillota","Clostridia","Clostridiales","Ruminococcaceae",NA
"ASV_681","AAGCGTTGTCCGGAATTACTGGGTGTAAAGGGAGCGCAGGCGGACCGGCAAGTTGGAAGTGAAAACCATGGGCTCAACCCATGGATTGCTTTCAAAACTGCTGGCCTTGAGTAGTGCAGAGGTAGGTGGAATTCCCGGTGTAGCGGTGGAATGCGTAGATATCGGGAGGAACACCAGTGGCGAAGGCGACCTACTGGGCACCAACTGACGCTGAGGCTCGAAAGCATGGGTAGCAA",2.302,0.015,"Bacteria","Bacillota","Clostridia","Clostridiales","Ruminococcaceae",NA
"ASV_667","GGGCGTTATCCGGATTTATTGGGTTTAAAGGGAGCGCAGGCCGTAGGCTAAGCGTGCCGTGAAATACCGTCGCTCAACGGCGGCCGTGCGGCGCGAACTGGTCTACTTGAGTACGCGGGACGTTGGCGGAATTCGTGGTGTAGCGGTGAAATGCTTAGATATCACGAAGAACTCCGATTGCGAAGGCAGCTGACGGTAGCGCAACTGACGCTGAGGCTCGAAAGCGCGGGTATCGA",2.292,0.017,"Bacteria","Bacteroidota","Bacteroidia","Bacteroidales","Prevotellaceae",NA
"ASV_641","GAGCGTTGTCCGGAATTACTGGGTGTAAAGGGAGCGCAGGCGGGTCAGCAAGTCAGATGTGAAAATTTTGAGCTTAACTCAAAAATTGCATTTGAAACTGTTGATCTTGAGTGAAGTAGAGGTAAGCGGAATTCCTGGTGTAGCGGTGAAATGCGTAGAGATCAGGAGGAACATCGGTGGCGAAGGCGGCTTACTGGGCTTTAACTGACGCTGAGGCTCGAAAGCGTGGGGAGCAA",2.29,0.016,"Bacteria","Bacillota","Clostridia","Clostridiales","Ruminococcaceae",NA
"ASV_675","GAGCGTTATCCGGATTTATTGGGTTTAAAGGGCGCGTAGGCGGGACGTCAAGTCAGCGGTAAAAGACTGCAGCTAAACTGTAGCACGCCGTTGAAACTGGCGCCCTGGAGACGAGACGAGGGAGGCGGAACAAGTGAAGTAGCGGTGAAATGCATAGATATCACTTGGAACCCCGATAGCGAAGGCAGCTTCCCAGGCTCGTTCTGACGCTGATGCGCGAGAGCGTGGGTAGCGAA",2.259,0.005,"Bacteria","Bacteroidota","Bacteroidia","Bacteroidales","Porphyromonadaceae","virosa"
"ASV_250","AAGCGTTGTCCGGAATTACTGGGTGTAAAGGGAGCGCAGGCGGATTGGCAAGTTGGGAGTGAAATCTATGGGCTCAACCCATAAATTGCTTTCAAAACTGTCAGTCTTGAGTGGTGTAGAGGTAGGCGGAATTCCCGGTGTAGCGGTGGAATGCGTAGATATCGGGAGGAACACCAGTGGCGAAGGCGGCCTACTGGGCACTAACTGACGCTGAGGCTCGAAAGCATGGGTAGCAA",2.255,0.005,"Bacteria","Bacillota","Clostridia","Clostridiales","Ruminococcaceae",NA
"ASV_1040","GAGCGTTATCCGGATTTATTGGGTTTAAAGGGCGCGTAGGCGGGACGACAAGTCAGCGGTAAAAGACTGCAGCTAAACTGTAGCACGCCGTTGAAACTGTCGACCTGGAGACGAGACGAGGGAGGCGGAACAAGTGAAGTAGCGGTGAAATGCATAGATATCACTTGGAACCCCGATAGCGAAGGCAGCTTCCCAGGCTCGGTCTGACGCTGATGCGCGAGAGCGTGGGTAGCGAA",2.24,0.004,"Bacteria","Bacteroidota","Bacteroidia","Bacteroidales","Porphyromonadaceae",NA
"ASV_722","GAGCGTTATCCGGAATTATTGGGCGTAAAGGGTGCGTAGGCGGCATGATAAGTTCGTGGTTAAAGCGTGGGGCTCAACCCCATAAAGCCACGGATACTGTCAAGCTAGAGTACTGGAGAGGGTAGTGGAATTCCATGTGTAGCGGTAAAATGCGTAGATATATGGAGGAACACCGGTGGCGAAGGCGGCTACCTAGACAGAGACTGACGCTGAGGCACGAAAGCGTGGGGAGCAAA",2.231,0.013,"Bacteria","Bacillota","Erysipelotrichia","Erysipelotrichales","Erysipelotrichaceae",NA
"ASV_747","AAGCGTTAATCGGAATCACTGGGCGTAAAGCGCACGTAGGCTGTTATGTAAGTCAGGGGTGAAAGCCCACGGCTCAACCGTGGAACTGCCCTTGATACTGCACGACTTGAATCCGGGAGAGGGTGGCGGAATTCCAGGTGTAGGAGTGAAATCCGTAGATATCTGGAGGAACATCAGTGGCGAAGGCGGCCACCTGGACCGGTATTGACGCTGAGGTGCGAAAGCGTGGGGAGCAA",2.229,0.006,"Bacteria","Pseudomonadota","Deltaproteobacteria","Desulfovibrionales","Desulfovibrionaceae",NA
"ASV_346","AAGCGTTATCCGGATTTACTGGGTGTAAAGGGAGCGTAGACGGCAGCGCAAGTCTGAAGTGAAAGCCCGGGGCTCAACCCCGGAATGGCTTTGGAAACTGTGCAGCTAGAGTACCGGAGGGGTAAGCGGAATTCCTAGTGTAGCGGTGAAATGCGTAGATATTAGGAGGAACACCAGTGGCGAAGGCGGCTTACTGGACGGTAACTGACGTTGAGGCTCGAAAGCGTGGGGAGCAA",2.212,0.023,"Bacteria","Bacillota","Clostridia","Clostridiales","Lachnospiraceae",NA
"ASV_914","GAGCGTTGTCCGGATTTACTGGGTGTAAAGGGCGCGTAGGCGGGGCAGCAAGTCAGTCGTGAAATGCCGGGGCTTAACTCCGGAGCTGCGATTGAAACTGTTGTTCTTGAGTGTCGGAGAGGAAAGCGGAATTCCTAGTGTAGCGGTGAAATGCGTAGATATTAGGAGGAACACCAGTGGCGAAGGCGGCTTTCTGGACGATAACTGACGCTGAGGCGCGAAAGTGTGGGGAGCAA",2.211,0.012,"Bacteria","Bacillota","Clostridia","Clostridiales","Ruminococcaceae",NA
"ASV_1057","AAGCGTTGTCCGGATTTATTGGGCGTAAAGCGAGCGCAGGCGGTTTCTTAAGTCTGATGTGAAAGCCCCCGGCTCAACCGGGGAGGGTCATTGGAAACTGGGAGACTTGAGTGCAGAAGAGGAGAGTGGAATTCCATGTGTAGCGGTGAAATGCGTAGATATATGGAGGAACACCAGTGGCGAAGGCGGCTCTCTGGTCTGTAACTGACGCTGAGGCTCGAAAGCGTGGGGAGCAA",2.185,0.005,"Bacteria","Bacillota","Bacilli","Lactobacillales","Enterococcaceae",NA
"ASV_713","AAGCGTTATCCGGATTTACTGGGTGTAAAGGGAGCGTAGACGGCAGGGCAAGTCTGATGTGAAAACCCGGGGCTCAACCCCGGGACTGCATTGGAAACTGTCCGGCTGGAGTGCAGGAGAGGTAAGTGGAATTCCTAGTGTAGCGGTGAAATGCGTAGATATTAGGAGGAACACCAGTGGCGAAGGCGGCTTACTGGACTGTAACTGACGTTGAGGCTCGAAAGCGTGGGGAGCAA",2.172,0.011,"Bacteria","Bacillota","Clostridia","Clostridiales","Lachnospiraceae",NA
"ASV_813","GAGCGTTATCCGGATTTATTGGGTTTAAAGGGTGCGTAGGCGGTTTGATAAGTTAGAGGTGAAAGCTCGATGCTCAACATCGAAATTGCCTCTGATACTGTCAGACTAGAGTGTAGTTGCGGAAGGCGGAATGTGTGGTGTAGCGGTGAAATGCTTAGATATCACACAGAACACCGATTGCGAAGGCAGCTTTCCAAGCTATTACTGACGCTGAGGCACGAAAGCGTGGGTAGCGA",2.166,0.003,"Bacteria","Bacteroidota","Bacteroidia","Bacteroidales","Rikenellaceae",NA
"ASV_564","AAGCGTTATCCGGATTTACTGGGTGTAAAGGGAGCGTAGGCGGTCCTGCAAGTCTGATGTGAAAACCCGGGGCTCAACCCCGGGACTGCATTGGAAACTGTAGGACTAGAGTGTCGGAGGGGTAAGTGGAATTCCTAGTGTAGCGGTGAAATGCGTAGATATTAGGAGGAACACCAGTGGCGAAGGCGGCTTACTGGACGACCACTGACGCTGAGGCTCGAAAGCGTGGGGAGCAA",2.16,0.007,"Bacteria","Bacillota","Clostridia","Clostridiales","Lachnospiraceae",NA
"ASV_714","GAGCGTTATCCGGATTTATTGGGTTTAAAGGGAGCGTAGGTGGACAGTTAAGTCAGTTGTGAAAGTTTGCGGCTCAACCGTAAAATTGCAGTTGATACTGTCTGTCTTGAGTACAGTAGAGGTGGGCGGAATTCGTGGTGTAGCGGTGAAATGCTTAGATATCACGAAGAACTCCGATTGCGAAGGCAGCTCACTGGACTGCAACTGACACTGATGCTCGAAAGTGTGGGTATCAA",2.147,0.011,"Bacteria","Bacteroidota","Bacteroidia","Bacteroidales","Bacteroidaceae",NA
"ASV_740","GAGCGTTGTCCGGAATTACTGGGTGTAAAGGGAGCGTAGGCGGGATTGCAAGTCAGATGTGAAAGGCGGAGGCTTAACCTCCGAGCTGCATTTGAAACTGTAGTTCTTGAGTGAAGTAGAGGCAAGCGGAATTCCTGGTGTAGCGGTGAAATGCGTAGATATCAGGAGGAACACCGGTGGCGAAGGCGGCTTGCTGGGCTTTTACTGACGCTGAGGCTCGAAAGCGTGGGGAGCAA",2.088,0.011,"Bacteria","Bacillota","Clostridia","Clostridiales","Ruminococcaceae",NA
"ASV_840","GAGCGTTGTCCGGATTTACTGGGTGTAAAGGGTGCGTAGGCGGGATGGCAAGTCAGATGTGAAATACCGGGGCTTAACCCCGGGGCTGCATTTGAAACTGTCGTTCTTGAGTGAAGTAGAGGCAGGCGGAATTCCTAGTGTAGCGGTGAAATGCGTAGATATTAGGAGGAACACCAGTGGCGAAGGCGGCCTGCTGGGCTTTAACTGACGCTGAGGCACGAAAGCATGGGGAGCAA",2.053,0.004,"Bacteria","Bacillota","Clostridia","Clostridiales","Ruminococcaceae",NA
"ASV_671","AAGCGTTATCCGGATTTACTGGGTGTAAAGGGAGCGTAGGCGGTTTGGCAAGTCAGAAGTGAAAGCCCAAGGCTTAACCATGGGACTGCTTTTGAAACTGTCAGACTAGATTGCAGGAGAGGTAAGTGGAATTCCTGGTGTAGCGGTGAAATGCGTAGATATCAGGAGGAACACCGGTGGCGAAGGCGGCTTACTGGACTGTAAATGACGCTGAGGCTCGAAAGCGTGGGGAGCAA",2.028,0.013,"Bacteria","Bacillota","Clostridia","Clostridiales","Lachnospiraceae",NA
"ASV_915","GAGCGTTATCCGGAATTATTGGGCGTAAAGGGTGCGTAGATGGCACATTAAGTTTTCTGTAAAAATGCTAGGCTCAACCTAGTAGGGCAGAAAATACTGATGAGCTAGAGTACGACAGAGGCAAGTGGAACTCCATGTGTAGCGGTAAAATGCGTAAATATATGGAAGAACACCAGTGGCGAAGGCGGCTTGCTAGGTCGATACTGACATTGAGGCACGAAAGCGTGGGGAGCAAA",2.024,0.007,"Bacteria","Mycoplasmatota","Mollicutes","Anaeroplasmatales","Anaeroplasmataceae",NA
