OTU_ID,OTU,Kingdom,Phylum,Class,Order,Family,Genus,Species,significant,Blast Genus,Blast Species,Blast Species UniqueID,E value,Sub_region,ADCP_CLA,ADCP_CLB,ADCP_CLC,ADCP_COC,ADCP_MOS1,Presence,RelativeAbundenceMean,stdev,FIT
1,GGGCGTTATCCGGATTTATTGGGTTTAAAGGGAGCGTAGGCCGGAGATTAAGCGTGTTGTGAAATGTAGACGCTCAACGTCTGCACTGCAGCGCGAACTGGTTTCCTTGAGTACGCACAAAGTGGGCGGAATTCGTGGTGTAGCGGTGAAATGCTTAGATATCACGAAGAACTCCGATTGCGAAGGCAGCTCACTGGAGCGCAACTGACGCTGAAGCTCGAAAGTGCGGGTATCGA,Bacteria,Bacteroidota,Bacteroidia,Bacteroidales,Prevotellaceae,Prevotella,copri,TRUE,Prevotella,Prevotella copri,Prevotella copri-0001,2.00E-122,RW,na,na,na,na,na,Presence,1.13E-01,7.80E-02,ADCP_MOS1
1,GGGCGTTATCCGGATTTATTGGGTTTAAAGGGAGCGTAGGCCGGAGATTAAGCGTGTTGTGAAATGTAGACGCTCAACGTCTGCACTGCAGCGCGAACTGGTTTCCTTGAGTACGCACAAAGTGGGCGGAATTCGTGGTGTAGCGGTGAAATGCTTAGATATCACGAAGAACTCCGATTGCGAAGGCAGCTCACTGGAGCGCAACTGACGCTGAAGCTCGAAAGTGCGGGTATCGA,Bacteria,Bacteroidota,Bacteroidia,Bacteroidales,Prevotellaceae,Prevotella,copri,TRUE,Prevotella,Prevotella copri,Prevotella copri-0001,2.00E-122,US,na,na,0,na,na,Presence,2.73E-02,7.34E-02,ADCP_MOS1
16,AAGCGTTGTCCGGATTTACTGGGTGTAAAGGGTGCGTAGGCGGCTTTGCAAGTCAGATGTGAAATCTATGGGCTCAACCCATAAACTGCATTTGAAACTGTAGAGCTTGAGTGAAGTAGAGGCAGGCGGAATTCCCCGTGTAGCGGTGAAATGCGTAGAGATGGGGAGGAACACCAGTGGCGAAGGCGGCCTGCTGGGCTTTAACTGACGCTGAGGCACGAAAGCGTGGGTAGCAA,Bacteria,Bacillota,Clostridia,Clostridiales,Ruminococcaceae,Ruminococcus,bromii,TRUE,Ruminococcus,Ruminococcus bromii,Ruminococcus bromii-0016,9.00E-121,RW,na,na,na,na,na,Presence,4.75E-03,1.72E-02,ADCP_MOS1
16,AAGCGTTGTCCGGATTTACTGGGTGTAAAGGGTGCGTAGGCGGCTTTGCAAGTCAGATGTGAAATCTATGGGCTCAACCCATAAACTGCATTTGAAACTGTAGAGCTTGAGTGAAGTAGAGGCAGGCGGAATTCCCCGTGTAGCGGTGAAATGCGTAGAGATGGGGAGGAACACCAGTGGCGAAGGCGGCCTGCTGGGCTTTAACTGACGCTGAGGCACGAAAGCGTGGGTAGCAA,Bacteria,Bacillota,Clostridia,Clostridiales,Ruminococcaceae,Ruminococcus,bromii,TRUE,Ruminococcus,Ruminococcus bromii,Ruminococcus bromii-0016,9.00E-121,US,na,na,na,na,1,Presence,8.09E-03,1.44E-02,ADCP_MOS1
18,GAGCGTTGTTCGGAATCATTGGGCGTAAAGGGCGTGTAGGCGGCCCTGCAAGCCTGGCGTGAAATCCCGGGGCCCAACCCCGGAACCGCGCTGGGAACTGCTGGGCTTGAGCCGCTGTGGCGCAGCCGGAATTCCAGGTGTAGGGGTGAAATCTGTAGATATCTGGAAGAACACCGATGGCGAAGGCAGGCTGCGAGCGGACGGCTGACGCTGAGGCGCGAAGGCGCGGGGAGCGA,Bacteria,Spirochaetota,Spirochaetia,Spirochaetales,Spirochaetaceae,Treponema,succinifaciens,TRUE,Treponema,Treponema succinifaciens,Treponema succinifaciens-0018,2.00E-122,RW,0,na,na,na,na,Presence,1.58E-02,3.15E-02,ADCP_MOS1
18,GAGCGTTGTTCGGAATCATTGGGCGTAAAGGGCGTGTAGGCGGCCCTGCAAGCCTGGCGTGAAATCCCGGGGCCCAACCCCGGAACCGCGCTGGGAACTGCTGGGCTTGAGCCGCTGTGGCGCAGCCGGAATTCCAGGTGTAGGGGTGAAATCTGTAGATATCTGGAAGAACACCGATGGCGAAGGCAGGCTGCGAGCGGACGGCTGACGCTGAGGCGCGAAGGCGCGGGGAGCGA,Bacteria,Spirochaetota,Spirochaetia,Spirochaetales,Spirochaetaceae,Treponema,succinifaciens,TRUE,Treponema,Treponema succinifaciens,Treponema succinifaciens-0018,2.00E-122,US,na,na,na,na,na,Presence,5.40E-06,1.71E-05,ADCP_MOS1
19,AAGCGTTGTCCGGATTTACTGGGTGTAAAGGGCGTGTAGCCGGGAGGGCAAGTCAGATGTGAAATCCACGGGCTCAACTCGTGAACTGCATTTGAAACTACTCTTCTTGAGTATCGGAGAGGCAATCGGAATTCCTAGTGTAGCGGTGAAATGCGTAGATATTAGGAGGAACACCAGTGGCGAAGGCGGATTGCTGGACGACAACTGACGGTGAGGCGCGAAAGCGTGGGGAGCAA,Bacteria,Bacillota,Clostridia,Clostridiales,Ruminococcaceae,Oscillibacter,NA,TRUE,Oscillibacter,Oscillibacter valericigenes,Oscillibacter valericigenes-0019,2.00E-97,RW,na,na,na,na,na,Presence,8.65E-03,1.30E-02,ADCP_MOS1
19,AAGCGTTGTCCGGATTTACTGGGTGTAAAGGGCGTGTAGCCGGGAGGGCAAGTCAGATGTGAAATCCACGGGCTCAACTCGTGAACTGCATTTGAAACTACTCTTCTTGAGTATCGGAGAGGCAATCGGAATTCCTAGTGTAGCGGTGAAATGCGTAGATATTAGGAGGAACACCAGTGGCGAAGGCGGATTGCTGGACGACAACTGACGGTGAGGCGCGAAAGCGTGGGGAGCAA,Bacteria,Bacillota,Clostridia,Clostridiales,Ruminococcaceae,Oscillibacter,NA,TRUE,Oscillibacter,Oscillibacter valericigenes,Oscillibacter valericigenes-0019,2.00E-97,US,na,na,na,na,1,Presence,4.08E-03,8.39E-03,ADCP_MOS1
22,AGGCGTTATCCGGATTTATTGGGTTTAAAGGGAGCGCAGGCGGACCTTTAAGTCAGCTGTGAAATACGGCGGCTCAACCGTCGAACTGCAGTTGATACTGGAGGTCTTGAGTGCACACAGGGATACTGGAATTCATGGTGTAGCGGTGAAATGCTCAGATATCATGAAGAACTCCAATCGCGAAGGCAGGTATCCGGGGTGCAACTGACGCTGAGGCTCGAAAGTGCGGGTATCAA,Bacteria,Bacteroidota,Bacteroidia,Bacteroidales,Prevotellaceae,Alloprevotella,NA,TRUE,Prevotellamassilia,Prevotellamassilia timonensis,Prevotellamassilia timonensis-0022,7.00E-117,RW,0,na,na,na,na,Presence,1.34E-02,2.30E-02,ADCP_MOS1
22,AGGCGTTATCCGGATTTATTGGGTTTAAAGGGAGCGCAGGCGGACCTTTAAGTCAGCTGTGAAATACGGCGGCTCAACCGTCGAACTGCAGTTGATACTGGAGGTCTTGAGTGCACACAGGGATACTGGAATTCATGGTGTAGCGGTGAAATGCTCAGATATCATGAAGAACTCCAATCGCGAAGGCAGGTATCCGGGGTGCAACTGACGCTGAGGCTCGAAAGTGCGGGTATCAA,Bacteria,Bacteroidota,Bacteroidia,Bacteroidales,Prevotellaceae,Alloprevotella,NA,TRUE,Prevotellamassilia,Prevotellamassilia timonensis,Prevotellamassilia timonensis-0022,7.00E-117,US,na,na,na,na,na,Presence,1.58E-05,5.08E-05,ADCP_MOS1
23,GAGCGTTATCCGGATTTATTGGGTTTAAAGGGAGCGTAGATGGATGTTTAAGTCAGTTGTGAAAGTTTGCGGCTCAACCGTAAAATTGCAGTTGATACTGGATGTCTTGAGTGCAGTTGAGGCAGGCGGAATTCGTGGTGTAGCGGTGAAATGCTTAGATATCACGAAGAACTCCGATTGCGAAGGCAGCCTGCTAAGCTGCAACTGACATTGAGGCTCGAAAGTGTGGGTATCAA,Bacteria,Bacteroidota,Bacteroidia,Bacteroidales,Bacteroidaceae,Bacteroides,dorei,TRUE,Phocaeicola,Phocaeicola dorei,Phocaeicola dorei-0023,2.00E-122,RW,0,na,na,na,na,Presence,1.87E-03,7.86E-03,ADCP_MOS1
23,GAGCGTTATCCGGATTTATTGGGTTTAAAGGGAGCGTAGATGGATGTTTAAGTCAGTTGTGAAAGTTTGCGGCTCAACCGTAAAATTGCAGTTGATACTGGATGTCTTGAGTGCAGTTGAGGCAGGCGGAATTCGTGGTGTAGCGGTGAAATGCTTAGATATCACGAAGAACTCCGATTGCGAAGGCAGCCTGCTAAGCTGCAACTGACATTGAGGCTCGAAAGTGTGGGTATCAA,Bacteria,Bacteroidota,Bacteroidia,Bacteroidales,Bacteroidaceae,Bacteroides,dorei,TRUE,Phocaeicola,Phocaeicola dorei,Phocaeicola dorei-0023,2.00E-122,US,na,na,na,na,1,Presence,1.17E-02,3.00E-02,ADCP_MOS1
24,GAGCGTTATCCGGATTTATTGGGTTTAAAGGGAGCGTAGGCGGGTTGTTAAGTCAGTTGTGAAAGTTTGCGGCTCAACCGTAAAATTGCAGTTGATACTGGCGACCTTGAGTGCAACAGAGGTAGGCGGAATTCGTGGTGTAGCGGTGAAATGCTTAGATATCACGAAGAACTCCGATTGCGAAGGCAGCTTACTGGATTGTAACTGACGCTGATGCTCGAAAGTGTGGGTATCAA,Bacteria,Bacteroidota,Bacteroidia,Bacteroidales,Bacteroidaceae,Bacteroides,NA,TRUE,Bacteroides,Bacteroides stercoris,Bacteroides stercoris-0024,2.00E-122,RW,na,na,na,na,na,Presence,8.99E-05,4.10E-04,ADCP_MOS1
24,GAGCGTTATCCGGATTTATTGGGTTTAAAGGGAGCGTAGGCGGGTTGTTAAGTCAGTTGTGAAAGTTTGCGGCTCAACCGTAAAATTGCAGTTGATACTGGCGACCTTGAGTGCAACAGAGGTAGGCGGAATTCGTGGTGTAGCGGTGAAATGCTTAGATATCACGAAGAACTCCGATTGCGAAGGCAGCTTACTGGATTGTAACTGACGCTGATGCTCGAAAGTGTGGGTATCAA,Bacteria,Bacteroidota,Bacteroidia,Bacteroidales,Bacteroidaceae,Bacteroides,NA,TRUE,Bacteroides,Bacteroides stercoris,Bacteroides stercoris-0024,2.00E-122,US,na,na,na,na,1,Presence,1.98E-02,4.48E-02,ADCP_MOS1
26,AAGCGTTATCCGGATTTACTGGGTGTAAAGGGAGCGTAGACGGTTTTGCAAGTCTGAAGTGAAAGCCCGGGGCTTAACCCCGGGACTGCTTTGGAAACTGTAGGACTAGAGTGCAGGAGAGGTAAGTGGAATTCCTAGTGTAGCGGTGAAATGCGTAGATATTAGGAGGAACACCAGTGGCGAAGGCGGCTTACTGGACTGTAACTGACGTTGAGGCTCGAAAGCGTGGGGAGCAA,Bacteria,Bacillota,Clostridia,Clostridiales,Lachnospiraceae,Clostridium_XlVa,NA,TRUE,Hungatella,Hungatella xylanolytica,Hungatella xylanolytica-0026,4.00E-114,US,na,na,na,na,1,Presence,1.55E-03,3.13E-03,ADCP_MOS1
26,AAGCGTTATCCGGATTTACTGGGTGTAAAGGGAGCGTAGACGGTTTTGCAAGTCTGAAGTGAAAGCCCGGGGCTTAACCCCGGGACTGCTTTGGAAACTGTAGGACTAGAGTGCAGGAGAGGTAAGTGGAATTCCTAGTGTAGCGGTGAAATGCGTAGATATTAGGAGGAACACCAGTGGCGAAGGCGGCTTACTGGACTGTAACTGACGTTGAGGCTCGAAAGCGTGGGGAGCAA,Bacteria,Bacillota,Clostridia,Clostridiales,Lachnospiraceae,Clostridium_XlVa,NA,TRUE,Hungatella,Hungatella xylanolytica,Hungatella xylanolytica-0026,4.00E-114,RW,na,na,na,na,na,Presence,5.27E-03,7.24E-03,ADCP_MOS1
31,GGGCGTTATCCGGATTTATTGGGTTTAAAGGGAGCGTAGGCCGGAGATTAAGCGTGTTGTGAAATGTAGATGCTCAACATCTGAACTGCAGCGCGAACTGGTTTCCTTGAGTACGCACAAAGTGGGCGGAATTCGTGGTGTAGCGGTGAAATGCTTAGATATCACGAAGAACTCCGATTGCGAAGGCAGCTCACTGGAGCGCAACTGACGCTGAAGCTCGAAAGTGCGGGTATCGA,Bacteria,Bacteroidota,Bacteroidia,Bacteroidales,Prevotellaceae,Prevotella,NA,TRUE,Prevotella,Prevotella copri,Prevotella copri-0031,2.00E-117,RW,na,na,na,na,na,Presence,5.58E-03,1.23E-02,ADCP_MOS1
31,GGGCGTTATCCGGATTTATTGGGTTTAAAGGGAGCGTAGGCCGGAGATTAAGCGTGTTGTGAAATGTAGATGCTCAACATCTGAACTGCAGCGCGAACTGGTTTCCTTGAGTACGCACAAAGTGGGCGGAATTCGTGGTGTAGCGGTGAAATGCTTAGATATCACGAAGAACTCCGATTGCGAAGGCAGCTCACTGGAGCGCAACTGACGCTGAAGCTCGAAAGTGCGGGTATCGA,Bacteria,Bacteroidota,Bacteroidia,Bacteroidales,Prevotellaceae,Prevotella,NA,TRUE,Prevotella,Prevotella copri,Prevotella copri-0031,2.00E-117,US,0,na,0,1,na,Presence,5.56E-03,1.48E-02,ADCP_MOS1
34,AAGCGTTGTTCGGAATCACTGGGCGTAAAGCGTGCGTAGGCTGTTTCGTAAGTCGTGTGTGAAAGGCGCGGGCTCAACCCGCGGACGGCACATGATACTGCGAGACTAGAGTAATGGAGGGGGAACCGGAATTCTCGGTGTAGCAGTGAAATGCGTAGATATCGAGAGGAACACTCGTGGCGAAGGCGGGTTCCTGGACATTAACTGACGCTGAGGCACGAAGGCCAGGGGAGCGA,Bacteria,Verrucomicrobiota,Verrucomicrobiae,Verrucomicrobiales,Verrucomicrobiaceae,Akkermansia,muciniphila,TRUE,Akkermansia,Akkermansia muciniphila,Akkermansia muciniphila-0034,2.00E-122,US,na,na,na,na,1,Presence,1.12E-02,2.77E-02,ADCP_MOS1
34,AAGCGTTGTTCGGAATCACTGGGCGTAAAGCGTGCGTAGGCTGTTTCGTAAGTCGTGTGTGAAAGGCGCGGGCTCAACCCGCGGACGGCACATGATACTGCGAGACTAGAGTAATGGAGGGGGAACCGGAATTCTCGGTGTAGCAGTGAAATGCGTAGATATCGAGAGGAACACTCGTGGCGAAGGCGGGTTCCTGGACATTAACTGACGCTGAGGCACGAAGGCCAGGGGAGCGA,Bacteria,Verrucomicrobiota,Verrucomicrobiae,Verrucomicrobiales,Verrucomicrobiaceae,Akkermansia,muciniphila,TRUE,Akkermansia,Akkermansia muciniphila,Akkermansia muciniphila-0034,2.00E-122,RW,na,na,na,na,na,Presence,1.93E-04,1.01E-03,ADCP_MOS1
38,AAGCGTTGTCCGGATTTACTGGGTGTAAAGGGCGTGCAGCCGGGAATGCAAGTCAGATGTGAAATCCATGGGCTTAACCCATGAACTGCATTTGAAACTGTATTTCTTGAGTACTGGAGAGGCAATCGGAATTCCTAGTGTAGCGGTGAAATGCGTAGATATTAGGAGGAACACCAGTGGCGAAGGCGGATTGCTGGACAGCAACTGACGGTGAGGCGCGAAAGTGTGGGGAGCAA,Bacteria,Bacillota,Clostridia,Clostridiales,Ruminococcaceae,NA,NA,TRUE,Flintibacter,Flintibacter butyricus,Flintibacter butyricus-0038,4.00E-94,US,na,na,na,1,1,Presence,2.06E-03,4.85E-03,ADCP_MOS1
38,AAGCGTTGTCCGGATTTACTGGGTGTAAAGGGCGTGCAGCCGGGAATGCAAGTCAGATGTGAAATCCATGGGCTTAACCCATGAACTGCATTTGAAACTGTATTTCTTGAGTACTGGAGAGGCAATCGGAATTCCTAGTGTAGCGGTGAAATGCGTAGATATTAGGAGGAACACCAGTGGCGAAGGCGGATTGCTGGACAGCAACTGACGGTGAGGCGCGAAAGTGTGGGGAGCAA,Bacteria,Bacillota,Clostridia,Clostridiales,Ruminococcaceae,NA,NA,TRUE,Flintibacter,Flintibacter butyricus,Flintibacter butyricus-0038,4.00E-94,RW,na,na,na,na,na,Presence,4.99E-03,6.00E-03,ADCP_MOS1
40,GAGCGTTATCCGGATTTATTGGGTTTAAAGGGAGCGTAGGCGGACGCTTAAGTCAGTTGTGAAAGTTTGCGGCTCAACCGTAAAATTGCAGTTGATACTGGGTGTCTTGAGTACAGTAGAGGCAGGCGGAATTCGTGGTGTAGCGGTGAAATGCTTAGATATCACGAAGAACTCCGATTGCGAAGGCAGCCTGCTGGACTGTAACTGACGCTGATGCTCGAAAGTGTGGGTATCAA,Bacteria,Bacteroidota,Bacteroidia,Bacteroidales,Bacteroidaceae,Bacteroides,uniformis,TRUE,Bacteroides,Bacteroides uniformis,Bacteroides uniformis-0040,9.00E-121,RW,na,na,na,na,na,Presence,3.64E-04,1.33E-03,ADCP_MOS1
40,GAGCGTTATCCGGATTTATTGGGTTTAAAGGGAGCGTAGGCGGACGCTTAAGTCAGTTGTGAAAGTTTGCGGCTCAACCGTAAAATTGCAGTTGATACTGGGTGTCTTGAGTACAGTAGAGGCAGGCGGAATTCGTGGTGTAGCGGTGAAATGCTTAGATATCACGAAGAACTCCGATTGCGAAGGCAGCCTGCTGGACTGTAACTGACGCTGATGCTCGAAAGTGTGGGTATCAA,Bacteria,Bacteroidota,Bacteroidia,Bacteroidales,Bacteroidaceae,Bacteroides,uniformis,TRUE,Bacteroides,Bacteroides uniformis,Bacteroides uniformis-0040,9.00E-121,US,na,na,na,na,1,Presence,1.06E-02,1.75E-02,ADCP_MOS1
42,AAGCGTTGTCCGGATTTACTGGGTGTAAAGGGCGTGTAGGCGGAGAAGCAAGTCAGAAGTGAAATCCATGGGCTTAACCCATGAACTGCTTTTGAAACTGTTTCCCTTGAGTATCGGAGAGGCAGGCGGAATTCCTAGTGTAGCGGTGAAATGCGTAGATATTAGGAGGAACACCAGTGGCGAAGGCGGCCTGCTGGACGACAACTGACGCTGAGGCGCGAAAGCGTGGGGAGCAA,Bacteria,Bacillota,Clostridia,Clostridiales,Ruminococcaceae,Sporobacter,NA,TRUE,Sporobacter,Sporobacter termitidis,Sporobacter termitidis-0042,4.00E-94,RW,na,na,na,na,na,Presence,2.63E-03,2.69E-03,ADCP_MOS1
42,AAGCGTTGTCCGGATTTACTGGGTGTAAAGGGCGTGTAGGCGGAGAAGCAAGTCAGAAGTGAAATCCATGGGCTTAACCCATGAACTGCTTTTGAAACTGTTTCCCTTGAGTATCGGAGAGGCAGGCGGAATTCCTAGTGTAGCGGTGAAATGCGTAGATATTAGGAGGAACACCAGTGGCGAAGGCGGCCTGCTGGACGACAACTGACGCTGAGGCGCGAAAGCGTGGGGAGCAA,Bacteria,Bacillota,Clostridia,Clostridiales,Ruminococcaceae,Sporobacter,NA,TRUE,Sporobacter,Sporobacter termitidis,Sporobacter termitidis-0042,4.00E-94,US,na,na,na,na,1,Presence,3.62E-03,7.95E-03,ADCP_MOS1
43,GAGCGTTATCCGGATTTATTGGGTTTAAAGGGTGCGTAGGTGGTGATTTAAGTCAGCGGTGAAAGTTTGTGGCTCAACCATAAAATTGCCGTTGAAACTGGGTTACTTGAGTGTGTTTGAGGTAGGCGGAATGCGTGGTGTAGCGGTGAAATGCATAGATATCACGCAGAACTCCGATTGCGAAGGCAGCTTACTAAACCATAACTGACACTGAAGCACGAAAGCGTGGGGATCAA,Bacteria,Bacteroidota,Bacteroidia,Bacteroidales,Porphyromonadaceae,Parabacteroides,merdae,TRUE,Parabacteroides,Parabacteroides merdae,Parabacteroides merdae-0043,2.00E-122,RW,na,na,na,na,na,Presence,2.75E-04,1.35E-03,ADCP_MOS1
43,GAGCGTTATCCGGATTTATTGGGTTTAAAGGGTGCGTAGGTGGTGATTTAAGTCAGCGGTGAAAGTTTGTGGCTCAACCATAAAATTGCCGTTGAAACTGGGTTACTTGAGTGTGTTTGAGGTAGGCGGAATGCGTGGTGTAGCGGTGAAATGCATAGATATCACGCAGAACTCCGATTGCGAAGGCAGCTTACTAAACCATAACTGACACTGAAGCACGAAAGCGTGGGGATCAA,Bacteria,Bacteroidota,Bacteroidia,Bacteroidales,Porphyromonadaceae,Parabacteroides,merdae,TRUE,Parabacteroides,Parabacteroides merdae,Parabacteroides merdae-0043,2.00E-122,US,na,na,na,na,1,Presence,9.73E-03,1.02E-02,ADCP_MOS1
45,AAGCGTTGTCCGGAATTATTGGGCGTAAAGCGCGCGCAGGCGGCTTCCCAAGTCCCTCTTAAAAGTGCGGGGCTTAACCCCGTGATGGGAAGGAAACTGGGAAGCTGGAGTATCGGAGAGGAAAGTGGAATTCCTAGTGTAGCGGTGAAATGCGTAGAGATTAGGAAGAACACCGGTGGCGAAGGCGACTTTCTGGACGAAAACTGACGCTGAGGCGCGAAAGCGTGGGGAGCAAA,Bacteria,Bacillota,Negativicutes,Selenomonadales,Veillonellaceae,Dialister,invisus,TRUE,Dialister,Dialister invisus,Dialister invisus-0045,2.00E-122,US,na,na,na,na,1,Presence,8.71E-03,1.24E-02,ADCP_MOS1
45,AAGCGTTGTCCGGAATTATTGGGCGTAAAGCGCGCGCAGGCGGCTTCCCAAGTCCCTCTTAAAAGTGCGGGGCTTAACCCCGTGATGGGAAGGAAACTGGGAAGCTGGAGTATCGGAGAGGAAAGTGGAATTCCTAGTGTAGCGGTGAAATGCGTAGAGATTAGGAAGAACACCGGTGGCGAAGGCGACTTTCTGGACGAAAACTGACGCTGAGGCGCGAAAGCGTGGGGAGCAAA,Bacteria,Bacillota,Negativicutes,Selenomonadales,Veillonellaceae,Dialister,invisus,TRUE,Dialister,Dialister invisus,Dialister invisus-0045,2.00E-122,RW,na,na,na,na,na,Presence,1.37E-04,9.21E-04,ADCP_MOS1
47,AAGCGTTATCCGGAATTACTGGGTGTAAAGGGAGCGCAGGCGGGATAGCAAGTCAGCTGTGAAAACTATGGGCTCAACCCATAAACTGCAGTTGAAACTGTTATTCTTGAGTGGAGTAGAGGCAAGCGGAATTCCGAGTGTAGCGGTGAAATGCGTAGATATTCGGAGGAACACCAGTGGCGAAGGCGGCTTGCTGGGCTCTAACTGACGCTGAGGCTCGAAAGTGTGGGGAGCAA,Bacteria,Bacillota,Clostridia,Clostridiales,Ruminococcaceae,NA,NA,TRUE,Eubacterium,Eubacterium coprostanoligenes,Eubacterium coprostanoligenes-0047,1.00E-95,US,na,na,na,na,1,Presence,4.18E-03,9.89E-03,ADCP_MOS1
47,AAGCGTTATCCGGAATTACTGGGTGTAAAGGGAGCGCAGGCGGGATAGCAAGTCAGCTGTGAAAACTATGGGCTCAACCCATAAACTGCAGTTGAAACTGTTATTCTTGAGTGGAGTAGAGGCAAGCGGAATTCCGAGTGTAGCGGTGAAATGCGTAGATATTCGGAGGAACACCAGTGGCGAAGGCGGCTTGCTGGGCTCTAACTGACGCTGAGGCTCGAAAGTGTGGGGAGCAA,Bacteria,Bacillota,Clostridia,Clostridiales,Ruminococcaceae,NA,NA,TRUE,Eubacterium,Eubacterium coprostanoligenes,Eubacterium coprostanoligenes-0047,1.00E-95,RW,na,na,na,na,na,Presence,2.69E-03,5.54E-03,ADCP_MOS1
51,AAGCGTTATCCGGATTTACTGGGTGTAAAGGGTGCGTAGGTGGCAAGGCAAGTCTGAAGTGAAAATCCGGGGCTCAACCCCGGAACTGCTTTGGAAACTGTTTAGCTAGAGTACAGGAGAGGTAAGTGGAATTCCTAGTGTAGCGGTGAAATGCGTAGATATTAGGAGGAACACCAGTGGCGAAGGCGACTTACTGGACTGCTACTGACACTGAGGCACGAAAGCGTGGGGAGCAA,Bacteria,Bacillota,Clostridia,Clostridiales,Lachnospiraceae,Coprococcus,eutactus,TRUE,Coprococcus,Coprococcus eutactus,Coprococcus eutactus-0051,2.00E-122,US,0,1,1,1,na,Presence,3.28E-03,1.20E-02,ADCP_MOS1
51,AAGCGTTATCCGGATTTACTGGGTGTAAAGGGTGCGTAGGTGGCAAGGCAAGTCTGAAGTGAAAATCCGGGGCTCAACCCCGGAACTGCTTTGGAAACTGTTTAGCTAGAGTACAGGAGAGGTAAGTGGAATTCCTAGTGTAGCGGTGAAATGCGTAGATATTAGGAGGAACACCAGTGGCGAAGGCGACTTACTGGACTGCTACTGACACTGAGGCACGAAAGCGTGGGGAGCAA,Bacteria,Bacillota,Clostridia,Clostridiales,Lachnospiraceae,Coprococcus,eutactus,TRUE,Coprococcus,Coprococcus eutactus,Coprococcus eutactus-0051,2.00E-122,RW,na,na,na,na,na,Presence,2.43E-03,2.83E-03,ADCP_MOS1
52,GAGCGTTATCCGGATTTATTGGGTTTAAAGGGAGCGTAGGCGGATTGTTAAGTCAGTTGTGAAAGTTTGCGGCTCAACCGTAAAATTGCAGTTGATACTGGCAGTCTTGAGTGCAGTAGAGGTGGGCGGAATTCGTGGTGTAGCGGTGAAATGCTTAGATATCACGAAGAACTCCGATTGCGAAGGCAGCTCACTGGAGTGTAACTGACGCTGATGCTCGAAAGTGTGGGTATCAA,Bacteria,Bacteroidota,Bacteroidia,Bacteroidales,Bacteroidaceae,Bacteroides,caccae,TRUE,Bacteroides,Bacteroides caccae,Bacteroides caccae-0052,2.00E-122,US,na,na,na,na,na,Presence,4.73E-03,5.64E-03,ADCP_MOS1
52,GAGCGTTATCCGGATTTATTGGGTTTAAAGGGAGCGTAGGCGGATTGTTAAGTCAGTTGTGAAAGTTTGCGGCTCAACCGTAAAATTGCAGTTGATACTGGCAGTCTTGAGTGCAGTAGAGGTGGGCGGAATTCGTGGTGTAGCGGTGAAATGCTTAGATATCACGAAGAACTCCGATTGCGAAGGCAGCTCACTGGAGTGTAACTGACGCTGATGCTCGAAAGTGTGGGTATCAA,Bacteria,Bacteroidota,Bacteroidia,Bacteroidales,Bacteroidaceae,Bacteroides,caccae,TRUE,Bacteroides,Bacteroides caccae,Bacteroides caccae-0052,2.00E-122,RW,0,na,na,na,na,Presence,3.94E-04,1.02E-03,ADCP_MOS1
56,AAGCGTTATCCGGATTTACTGGGTGTAAAGGGTGCGTAGGTGGCAAGGCAAGTCTGAAGTGAAAATCCGGGGCTCAACCCCGGAACTGCTTTGGAAACTGTTTAGCTGGAGTACAGGAGAGGTAAGTGGAATTCCTAGTGTAGCGGTGAAATGCGTAGATATTAGGAGGAACACCAGTGGCGAAGGCGACTTACTGGACTGCTACTGACACTGAGGCACGAAAGCGTGGGGAGCAA,Bacteria,Bacillota,Clostridia,Clostridiales,Lachnospiraceae,Coprococcus,NA,TRUE,Coprococcus,Coprococcus eutactus,Coprococcus eutactus-0056,9.00E-121,US,na,na,na,na,1,Presence,1.01E-02,2.37E-02,ADCP_MOS1
56,AAGCGTTATCCGGATTTACTGGGTGTAAAGGGTGCGTAGGTGGCAAGGCAAGTCTGAAGTGAAAATCCGGGGCTCAACCCCGGAACTGCTTTGGAAACTGTTTAGCTGGAGTACAGGAGAGGTAAGTGGAATTCCTAGTGTAGCGGTGAAATGCGTAGATATTAGGAGGAACACCAGTGGCGAAGGCGACTTACTGGACTGCTACTGACACTGAGGCACGAAAGCGTGGGGAGCAA,Bacteria,Bacillota,Clostridia,Clostridiales,Lachnospiraceae,Coprococcus,NA,TRUE,Coprococcus,Coprococcus eutactus,Coprococcus eutactus-0056,9.00E-121,RW,na,na,na,na,na,Presence,1.45E-03,2.62E-03,ADCP_MOS1
60,AAGCGTTGTCCGGAATTACTGGGTGTAAAGGGAGCGCAGGCGGGCGATCAAGTTGGAAGTGAAATCCATGGGCTCAACCCATGAACTGCTTTCAAAACTGGTCGTCTTGAGTAGTGCAGAGGTAGGCGGAATTCCCGGTGTAGCGGTGGAATGCGTAGATATCGGGAGGAACACCAGTGGCGAAGGCGGCCTACTGGGCACCAACTGACGCTGAGGCTCGAAAGTGTGGGTAGCAA,Bacteria,Bacillota,Clostridia,Clostridiales,Ruminococcaceae,Faecalibacterium,prausnitzii,TRUE,Faecalibacterium,Faecalibacterium prausnitzii,Faecalibacterium prausnitzii-0060,9.00E-111,US,na,na,na,na,1,Presence,3.05E-03,5.57E-03,ADCP_MOS1
60,AAGCGTTGTCCGGAATTACTGGGTGTAAAGGGAGCGCAGGCGGGCGATCAAGTTGGAAGTGAAATCCATGGGCTCAACCCATGAACTGCTTTCAAAACTGGTCGTCTTGAGTAGTGCAGAGGTAGGCGGAATTCCCGGTGTAGCGGTGGAATGCGTAGATATCGGGAGGAACACCAGTGGCGAAGGCGGCCTACTGGGCACCAACTGACGCTGAGGCTCGAAAGTGTGGGTAGCAA,Bacteria,Bacillota,Clostridia,Clostridiales,Ruminococcaceae,Faecalibacterium,prausnitzii,TRUE,Faecalibacterium,Faecalibacterium prausnitzii,Faecalibacterium prausnitzii-0060,9.00E-111,RW,na,na,na,na,na,Presence,3.36E-03,4.27E-03,ADCP_MOS1
65,AAGCGTTATCCGGATTTACTGGGTGTAAAGGGAGCGTAGACGGCACGGCAAGCCAGATGTGAAAGCCCGGGGCTCAACCCCGGGACTGCATTTGGAACTGCTGAGCTAGAGTGTCGGAGAGGCAAGTGGAATTCCTAGTGTAGCGGTGAAATGCGTAGATATTAGGAGGAACACCAGTGGCGAAGGCGGCTTGCTGGACGATGACTGACGTTGAGGCTCGAAAGCGTGGGGAGCAA,Bacteria,Bacillota,Clostridia,Clostridiales,Lachnospiraceae,Dorea,longicatena,TRUE,Dorea,Dorea longicatena,Dorea longicatena-0065,9.00E-121,US,na,na,na,na,1,Presence,3.42E-03,3.39E-03,ADCP_MOS1
65,AAGCGTTATCCGGATTTACTGGGTGTAAAGGGAGCGTAGACGGCACGGCAAGCCAGATGTGAAAGCCCGGGGCTCAACCCCGGGACTGCATTTGGAACTGCTGAGCTAGAGTGTCGGAGAGGCAAGTGGAATTCCTAGTGTAGCGGTGAAATGCGTAGATATTAGGAGGAACACCAGTGGCGAAGGCGGCTTGCTGGACGATGACTGACGTTGAGGCTCGAAAGCGTGGGGAGCAA,Bacteria,Bacillota,Clostridia,Clostridiales,Lachnospiraceae,Dorea,longicatena,TRUE,Dorea,Dorea longicatena,Dorea longicatena-0065,9.00E-121,RW,na,na,na,na,na,Presence,1.97E-03,1.41E-03,ADCP_MOS1
66,GAGCGTTATCCGGATTTATTGGGTTTAAAGGGAGCGTAGGTGGACTGGTAAGTCAGTTGTGAAAGTTTGCGGCTCAACCGTAAAATTGCAGTTGATACTGTCAGTCTTGAGTACAGTAGAGGTGGGCGGAATTCGTGGTGTAGCGGTGAAATGCTTAGATATCACGAAGAACTCCGATTGCGAAGGCAGCTCACTGGACTGCAACTGACACTGATGCTCGAAAGTGTGGGTATCAA,Bacteria,Bacteroidota,Bacteroidia,Bacteroidales,Bacteroidaceae,Bacteroides,NA,TRUE,Bacteroides,Bacteroides fragilis,Bacteroides fragilis-0066,2.00E-122,US,na,na,na,na,na,Presence,3.39E-03,8.93E-03,ADCP_MOS1
66,GAGCGTTATCCGGATTTATTGGGTTTAAAGGGAGCGTAGGTGGACTGGTAAGTCAGTTGTGAAAGTTTGCGGCTCAACCGTAAAATTGCAGTTGATACTGTCAGTCTTGAGTACAGTAGAGGTGGGCGGAATTCGTGGTGTAGCGGTGAAATGCTTAGATATCACGAAGAACTCCGATTGCGAAGGCAGCTCACTGGACTGCAACTGACACTGATGCTCGAAAGTGTGGGTATCAA,Bacteria,Bacteroidota,Bacteroidia,Bacteroidales,Bacteroidaceae,Bacteroides,NA,TRUE,Bacteroides,Bacteroides fragilis,Bacteroides fragilis-0066,2.00E-122,RW,0,na,na,na,na,Presence,1.18E-03,3.15E-03,ADCP_MOS1
68,GAGCGTTATCCGGATTTATTGGGTTTAAAGGGTGCGCAGGCGGCGCGCCAAGTCAGCGGTCAAAGTTCCGGGCTCAACCCGGTGTCGCCGTTGAAACTGGCGTGCTCGAGTGCGTGCGAGGAAGGCGGAATGCGTTGTGTAGCGGTGAAATGCATAGATATGACGCAGAACTCCGATTGCGAAGGCAGCTTTCCAGCGCGCTACTGACGCTGAGGCACGAAAGCGTGGGGATCGAA,Bacteria,Bacteroidota,Bacteroidia,Bacteroidales,Porphyromonadaceae,NA,NA,TRUE,Barnesiella,Barnesiella intestinihominis,Barnesiella intestinihominis-0068,2.00E-77,RW,0,na,na,na,na,Presence,3.69E-03,7.38E-03,ADCP_MOS1
68,GAGCGTTATCCGGATTTATTGGGTTTAAAGGGTGCGCAGGCGGCGCGCCAAGTCAGCGGTCAAAGTTCCGGGCTCAACCCGGTGTCGCCGTTGAAACTGGCGTGCTCGAGTGCGTGCGAGGAAGGCGGAATGCGTTGTGTAGCGGTGAAATGCATAGATATGACGCAGAACTCCGATTGCGAAGGCAGCTTTCCAGCGCGCTACTGACGCTGAGGCACGAAAGCGTGGGGATCGAA,Bacteria,Bacteroidota,Bacteroidia,Bacteroidales,Porphyromonadaceae,NA,NA,TRUE,Barnesiella,Barnesiella intestinihominis,Barnesiella intestinihominis-0068,2.00E-77,US,na,na,na,na,na,Presence,1.84E-06,1.04E-05,ADCP_MOS1
71,GGGCGTTATCCGGATTTATTGGGTTTAAAGGGAGCGTAGGCCGGAGATTAAGCGTGTTGTGAAATGTAGTTGCTCAACATCTGCACTGCAGCGCGAACTGGTTTCCTTGAGTACGCACAAAGTGGGCGGAATTCGTGGTGTAGCGGTGAAATGCTTAGATATCACGAAGAACTCCGATTGCGAAGGCAGCTCACTGGAGCGCAACTGACGCTGAAGCTCGAAAGTGCGGGTATCGA,Bacteria,Bacteroidota,Bacteroidia,Bacteroidales,Prevotellaceae,Prevotella,NA,TRUE,Prevotella,Prevotella copri,Prevotella copri-0071,7.00E-117,RW,0,na,na,na,na,Presence,1.93E-03,4.35E-03,ADCP_MOS1
71,GGGCGTTATCCGGATTTATTGGGTTTAAAGGGAGCGTAGGCCGGAGATTAAGCGTGTTGTGAAATGTAGTTGCTCAACATCTGCACTGCAGCGCGAACTGGTTTCCTTGAGTACGCACAAAGTGGGCGGAATTCGTGGTGTAGCGGTGAAATGCTTAGATATCACGAAGAACTCCGATTGCGAAGGCAGCTCACTGGAGCGCAACTGACGCTGAAGCTCGAAAGTGCGGGTATCGA,Bacteria,Bacteroidota,Bacteroidia,Bacteroidales,Prevotellaceae,Prevotella,NA,TRUE,Prevotella,Prevotella copri,Prevotella copri-0071,2.00E-117,US,na,na,na,na,na,Presence,1.21E-04,6.84E-04,ADCP_MOS1
74,GAGCGTTATCCGGATTTATTGGGTTTAAAGGGAGCGCAGACGGGTCGTTAAGTCAGCTGTGAAAGTTTGGGGCTCAACCTTAAAATTGCAGTTGATACTGGCGTCCTTGAGTGCGGTTGAGGTGTGCGGAATTCGTGGTGTAGCGGTGAAATGCTTAGATATCACGAAGAACTCCGATTGCGAAGGCAGCACACTAATCCGTAACTGACGTTCATGCTCGAAAGTGTGGGTATCAA,Bacteria,Bacteroidota,Bacteroidia,Bacteroidales,Bacteroidaceae,Bacteroides,plebeius,TRUE,Phocaeicola,Phocaeicola plebeius,Phocaeicola plebeius-0074,9.00E-121,RW,na,na,na,na,na,Presence,1.05E-04,6.38E-04,ADCP_MOS1
74,GAGCGTTATCCGGATTTATTGGGTTTAAAGGGAGCGCAGACGGGTCGTTAAGTCAGCTGTGAAAGTTTGGGGCTCAACCTTAAAATTGCAGTTGATACTGGCGTCCTTGAGTGCGGTTGAGGTGTGCGGAATTCGTGGTGTAGCGGTGAAATGCTTAGATATCACGAAGAACTCCGATTGCGAAGGCAGCACACTAATCCGTAACTGACGTTCATGCTCGAAAGTGTGGGTATCAA,Bacteria,Bacteroidota,Bacteroidia,Bacteroidales,Bacteroidaceae,Bacteroides,plebeius,TRUE,Phocaeicola,Phocaeicola plebeius,Phocaeicola plebeius-0074,9.00E-121,US,0,na,1,1,na,Presence,8.15E-03,3.69E-02,ADCP_MOS1
75,GAGCGTTATCCGGATTTATTGGGTTTAAAGGGAGCGTAGATGGGTTGTTAAGTCAGTTGTGAAAGTTTGCGGCTCAACCGTAAAATTGCAATTGATACTGGCAGTCTTGAGTACAGTTGAGGTAGGCGGAATTCGTGGTGTAGCGGTGAAATGCTTAGATATCACGAAGAACTCCGATTGCGAAGGCAGCTTACTAACCTGTAACTGACATTGATGCTCGAAAGTGTGGGTATCAA,Bacteria,Bacteroidota,Bacteroidia,Bacteroidales,Bacteroidaceae,Bacteroides,massiliensis,TRUE,Phocaeicola,Phocaeicola massiliensis,Phocaeicola massiliensis-0075,2.00E-122,RW,na,na,na,na,na,Presence,1.18E-04,7.89E-04,ADCP_MOS1
75,GAGCGTTATCCGGATTTATTGGGTTTAAAGGGAGCGTAGATGGGTTGTTAAGTCAGTTGTGAAAGTTTGCGGCTCAACCGTAAAATTGCAATTGATACTGGCAGTCTTGAGTACAGTTGAGGTAGGCGGAATTCGTGGTGTAGCGGTGAAATGCTTAGATATCACGAAGAACTCCGATTGCGAAGGCAGCTTACTAACCTGTAACTGACATTGATGCTCGAAAGTGTGGGTATCAA,Bacteria,Bacteroidota,Bacteroidia,Bacteroidales,Bacteroidaceae,Bacteroides,massiliensis,TRUE,Phocaeicola,Phocaeicola massiliensis,Phocaeicola massiliensis-0075,2.00E-122,US,na,na,na,na,1,Presence,7.11E-03,1.30E-02,ADCP_MOS1
79,AAGCGTTATCCGGAATTATTGGGCGTAAAGGGCTCGTAGGCGGTTCGTCGCGTCCGGTGTGAAAGTCCATCGCTTAACGGTGGATCCGCGCCGGGTACGGGCGGGCTTGAGTGCGGTAGGGGAGACTGGAATTCCCGGTGTAACGGTGGAATGTGTAGATATCGGGAAGAACACCAATGGCGAAGGCAGGTCTCTGGGCCGTCACTGACGCTGAGGAGCGAAAGCGTGGGGAGCGA,Bacteria,Actinomycetota,Actinobacteria,Bifidobacteriales,Bifidobacteriaceae,Bifidobacterium,NA,TRUE,Bifidobacterium,Bifidobacterium adolescentis; Bifidobacterium faecale,Bifidobacterium adolescentis; Bifidobacterium faecale-0079,2.00E-122,RW,na,na,na,na,na,Presence,7.11E-04,2.09E-03,ADCP_MOS1
79,AAGCGTTATCCGGAATTATTGGGCGTAAAGGGCTCGTAGGCGGTTCGTCGCGTCCGGTGTGAAAGTCCATCGCTTAACGGTGGATCCGCGCCGGGTACGGGCGGGCTTGAGTGCGGTAGGGGAGACTGGAATTCCCGGTGTAACGGTGGAATGTGTAGATATCGGGAAGAACACCAATGGCGAAGGCAGGTCTCTGGGCCGTCACTGACGCTGAGGAGCGAAAGCGTGGGGAGCGA,Bacteria,Actinomycetota,Actinobacteria,Bifidobacteriales,Bifidobacteriaceae,Bifidobacterium,NA,TRUE,Bifidobacterium,Bifidobacterium adolescentis; Bifidobacterium faecale,Bifidobacterium adolescentis; Bifidobacterium faecale-0079,2.00E-122,US,na,na,na,na,1,Presence,3.43E-03,6.80E-03,ADCP_MOS1
84,GGGCGTTATCCGGATTTATTGGGTTTAAAGGGAGCGTAGGCCGTCTGTTAAGCGTGTTGTGAAATGTCGGGGCTCAACCTGGGCATTGCAGCGCGAACTGGCAGACTTGAGTGCACGGGAAGTAGGCGGAATTCGTCGTGTAGCGGTGAAATGCTTAGATATGACGAAGAACTCCGATTGCGAAGGCAGCCTGCTGTAGTGCAACTGACGCTGAAGCTCGAAAGCGTGGGTATCGA,Bacteria,Bacteroidota,Bacteroidia,Bacteroidales,Prevotellaceae,Prevotella,NA,TRUE,Prevotella,Prevotella stercorea,Prevotella stercorea-0084,2.00E-112,RW,na,0,na,na,na,Presence,3.24E-04,1.01E-03,ADCP_MOS1
84,GGGCGTTATCCGGATTTATTGGGTTTAAAGGGAGCGTAGGCCGTCTGTTAAGCGTGTTGTGAAATGTCGGGGCTCAACCTGGGCATTGCAGCGCGAACTGGCAGACTTGAGTGCACGGGAAGTAGGCGGAATTCGTCGTGTAGCGGTGAAATGCTTAGATATGACGAAGAACTCCGATTGCGAAGGCAGCCTGCTGTAGTGCAACTGACGCTGAAGCTCGAAAGCGTGGGTATCGA,Bacteria,Bacteroidota,Bacteroidia,Bacteroidales,Prevotellaceae,Prevotella,NA,TRUE,Prevotella,Prevotella stercorea,Prevotella stercorea-0084,2.00E-112,US,na,na,na,na,na,Presence,3.56E-04,2.01E-03,ADCP_MOS1
88,GAGCGTTATCCGGAATCATTGGGCGTAAAGAGGGAGCAGGCGGCCGCAAGGGTCTGTGGTGAAAGACCGAAGCTAAACTTCGGTAAGCCATGGAAACCGGGCGGCTAGAGTGCGGAAGAGGATCGTGGAATTCCATGTGTAGCGGTGAAATGCGTAGATATATGGAGGAACACCAGTGGCGAAGGCGACGGTCTGGGCCGCAACTGACGCTCATTCCCGAAAGCGTGGGGAGCAAA,Bacteria,Bacillota,Erysipelotrichia,Erysipelotrichales,Erysipelotrichaceae,Catenibacterium,mitsuokai,TRUE,Catenibacterium,Catenibacterium mitsuokai ,Catenibacterium mitsuokai -0088,2.00E-113,US,na,na,0,na,na,Presence,5.94E-04,2.34E-03,ADCP_MOS1
88,GAGCGTTATCCGGAATCATTGGGCGTAAAGAGGGAGCAGGCGGCCGCAAGGGTCTGTGGTGAAAGACCGAAGCTAAACTTCGGTAAGCCATGGAAACCGGGCGGCTAGAGTGCGGAAGAGGATCGTGGAATTCCATGTGTAGCGGTGAAATGCGTAGATATATGGAGGAACACCAGTGGCGAAGGCGACGGTCTGGGCCGCAACTGACGCTCATTCCCGAAAGCGTGGGGAGCAAA,Bacteria,Bacillota,Erysipelotrichia,Erysipelotrichales,Erysipelotrichaceae,Catenibacterium,mitsuokai,TRUE,Catenibacterium,Catenibacterium mitsuokai ,Catenibacterium mitsuokai -0088,2.00E-113,RW,na,na,na,na,na,Presence,2.72E-03,2.77E-03,ADCP_MOS1
90,GAGCGTTGTTCGGAATCATTGGGCGTAAAGGGCATGTAGGCGGTTACGCAAGCCTGGTGTGAAAGCCCGAGGCTCAACCTCGGGATGCGCCGGGAACTGTGCAACTAGAGTAGCTGAGGGGCAGCCGGAATTCCAGGTGTAGGGGTGAAATCTGTAGATATCTGGAAGAACACCGATGGCGAAGGCAGGCTGCCAGCAGATTACTGACGCTGAGGTGCGAAGGTGCGGGGAGCGAA,Bacteria,Spirochaetota,Spirochaetia,Spirochaetales,Spirochaetaceae,Treponema,NA,TRUE,Treponema,Treponema porcinum,Treponema porcinum-0090,2.00E-87,RW,0,na,na,na,na,Presence,4.09E-03,9.48E-03,ADCP_MOS1
90,GAGCGTTGTTCGGAATCATTGGGCGTAAAGGGCATGTAGGCGGTTACGCAAGCCTGGTGTGAAAGCCCGAGGCTCAACCTCGGGATGCGCCGGGAACTGTGCAACTAGAGTAGCTGAGGGGCAGCCGGAATTCCAGGTGTAGGGGTGAAATCTGTAGATATCTGGAAGAACACCGATGGCGAAGGCAGGCTGCCAGCAGATTACTGACGCTGAGGTGCGAAGGTGCGGGGAGCGAA,Bacteria,Spirochaetota,Spirochaetia,Spirochaetales,Spirochaetaceae,Treponema,NA,TRUE,Treponema,Treponema porcinum,Treponema porcinum-0090,2.00E-87,US,na,na,na,na,na,Absence,0.00E+00,0.00E+00,ADCP_MOS1
92,AGGCGTTATCCGGATTTATTGGGTTTAAAGGGAGCGTAGGCCGTTTGGTAAGCGTGTTGTGAAATGTCGGGGCTCAACCTGGGCATTGCAGCGCGAACTGCCAGACTTGAGTGCGCAGGAAGTAGGCGGAATTCGTCGTGTAGCGGTGAAATGCTTAGATATGACGAAGAACTCCGATTGCGAAGGCAGCCTGCTGTAGCGCAACTGACGCTGAAGCTCGAAAGCGTGGGTATCGA,Bacteria,Bacteroidota,Bacteroidia,Bacteroidales,Prevotellaceae,Prevotella,NA,TRUE,Prevotella,Prevotella stercorea,Prevotella stercorea-0092,7.00E-122,RW,na,na,na,na,na,Presence,1.37E-03,3.82E-03,ADCP_MOS1
92,AGGCGTTATCCGGATTTATTGGGTTTAAAGGGAGCGTAGGCCGTTTGGTAAGCGTGTTGTGAAATGTCGGGGCTCAACCTGGGCATTGCAGCGCGAACTGCCAGACTTGAGTGCGCAGGAAGTAGGCGGAATTCGTCGTGTAGCGGTGAAATGCTTAGATATGACGAAGAACTCCGATTGCGAAGGCAGCCTGCTGTAGCGCAACTGACGCTGAAGCTCGAAAGCGTGGGTATCGA,Bacteria,Bacteroidota,Bacteroidia,Bacteroidales,Prevotellaceae,Prevotella,NA,TRUE,Prevotella,Prevotella stercorea,Prevotella stercorea-0092,7.00E-122,US,0,na,na,na,na,Presence,4.23E-03,2.26E-02,ADCP_MOS1
115,AAGCGTTGTCCGGATTTACTGGGTGTAAAGGGCGTGTAGCCGGGTCGGCAAGTCAGATGTGAAATCCACGGGCTTAACTCGTGAACTGCATTTGAAACTGTTGATCTTGAGTATCGGAGAGGCAATCGGAATTCCTAGTGTAGCGGTGAAATGCGTAGATATTAGGAGGAACACCAGTGGCGAAGGCGGATTGCTGGACGACAACTGACGGTGAGGCGCGAAAGCGTGGGGAGCAA,Bacteria,Bacillota,Clostridia,Clostridiales,Ruminococcaceae,NA,NA,TRUE,Oscillibacter,Oscillibacter ruminantium,Oscillibacter ruminantium-0115,1.00E-90,US,na,na,0,na,na,Presence,5.58E-04,2.48E-03,ADCP_MOS1
115,AAGCGTTGTCCGGATTTACTGGGTGTAAAGGGCGTGTAGCCGGGTCGGCAAGTCAGATGTGAAATCCACGGGCTTAACTCGTGAACTGCATTTGAAACTGTTGATCTTGAGTATCGGAGAGGCAATCGGAATTCCTAGTGTAGCGGTGAAATGCGTAGATATTAGGAGGAACACCAGTGGCGAAGGCGGATTGCTGGACGACAACTGACGGTGAGGCGCGAAAGCGTGGGGAGCAA,Bacteria,Bacillota,Clostridia,Clostridiales,Ruminococcaceae,NA,NA,TRUE,Oscillibacter,Oscillibacter ruminantium,Oscillibacter ruminantium-0115,1.00E-90,RW,na,na,na,na,na,Presence,1.74E-03,2.13E-03,ADCP_MOS1
120,AAGCGTTGTCCGGAATTACTGGGTGTAAAGGGAGCGCAGGCGGACCGGCAAGTTGGAAGTGAAATCCATGGGCTCAACCCGTGAATTGCTTTCAAAACTGCTGGCCTTGAGTAGTGCAGAGGTAGGTGGAATTCCCGGTGTAGCGGTGGAATGCGTAGATATCGGGAGGAACACCAGTGGCGAAGGCGACCTACTGGGCACCAACTGACGCTGAGGCTCGAAAGCATGGGTAGCAA,Bacteria,Bacillota,Clostridia,Clostridiales,Ruminococcaceae,NA,NA,TRUE,Subdoligranulum,Subdoligranulum variabile,Subdoligranulum variabile-0120,2.00E-117,RW,na,na,na,na,na,Presence,6.10E-04,8.56E-04,ADCP_MOS1
120,AAGCGTTGTCCGGAATTACTGGGTGTAAAGGGAGCGCAGGCGGACCGGCAAGTTGGAAGTGAAATCCATGGGCTCAACCCGTGAATTGCTTTCAAAACTGCTGGCCTTGAGTAGTGCAGAGGTAGGTGGAATTCCCGGTGTAGCGGTGGAATGCGTAGATATCGGGAGGAACACCAGTGGCGAAGGCGACCTACTGGGCACCAACTGACGCTGAGGCTCGAAAGCATGGGTAGCAA,Bacteria,Bacillota,Clostridia,Clostridiales,Ruminococcaceae,NA,NA,TRUE,Subdoligranulum,Subdoligranulum variabile,Subdoligranulum variabile-0120,2.00E-117,US,na,na,na,na,1,Presence,1.16E-03,2.32E-03,ADCP_MOS1
123,GGGCGTTATCCGGATTTATTGGGTTTAAAGGGAGCGCAGGCCGTGGGTTAAGCGTGTCGTGAAATTCCGTCGCTCAACGGCGGACGTGCGGCGCGAACTGGTCCACTTGAGTACGCGGGACGTTGGCGGAATTCGTGGTGTAGCGGTGAAATGCTTAGATATCACGAAGAACTCCGATTGCGAAGGCAGCTGACGGTAGCGCAACTGACGCTGAGGCTCGAAAGTGCGGGTATCGA,Bacteria,Bacteroidota,Bacteroidia,Bacteroidales,Prevotellaceae,Prevotella,NA,TRUE,Prevotella,Prevotella baroniae; Prevotella oris; Prevotella baroniae,Prevotella baroniae; Prevotella oris; Prevotella baroniae-0123,1.00E-80,RW,0,na,na,na,na,Presence,2.22E-03,5.16E-03,ADCP_MOS1
123,GGGCGTTATCCGGATTTATTGGGTTTAAAGGGAGCGCAGGCCGTGGGTTAAGCGTGTCGTGAAATTCCGTCGCTCAACGGCGGACGTGCGGCGCGAACTGGTCCACTTGAGTACGCGGGACGTTGGCGGAATTCGTGGTGTAGCGGTGAAATGCTTAGATATCACGAAGAACTCCGATTGCGAAGGCAGCTGACGGTAGCGCAACTGACGCTGAGGCTCGAAAGTGCGGGTATCGA,Bacteria,Bacteroidota,Bacteroidia,Bacteroidales,Prevotellaceae,Prevotella,NA,TRUE,Prevotella,Prevotella baroniae; Prevotella oris; Prevotella baroniae,Prevotella baroniae; Prevotella oris; Prevotella baroniae-0123,1.00E-80,US,na,na,na,na,na,Presence,6.66E-05,3.07E-04,ADCP_MOS1
134,GAGCGTTATCCGGATTTATTGGGTTTAAAGGGAGCGTAGGCGGACTATTAAGTCAGCTGTGAAAGTTTGCGGCTCAACCGTAAAATTGCAGTTGATACTGGTCGTCTTGAGTGCAGTAGAGGTAGGCGGAATTCGTGGTGTAGCGGTGAAATGCTTAGATATCACGAAGAACTCCGATTGCGAAGGCAGCTTACTGGACTGTAACTGACGCTGATGCTCGAAAGTGTGGGTATCAA,Bacteria,Bacteroidota,Bacteroidia,Bacteroidales,Bacteroidaceae,Bacteroides,NA,TRUE,Bacteroides,Bacteroides timonensis; Bacteroides cellulosilyticus,Bacteroides timonensis; Bacteroides cellulosilyticus-0134,2.00E-122,US,na,na,na,na,1,Presence,2.36E-03,5.27E-03,ADCP_MOS1
134,GAGCGTTATCCGGATTTATTGGGTTTAAAGGGAGCGTAGGCGGACTATTAAGTCAGCTGTGAAAGTTTGCGGCTCAACCGTAAAATTGCAGTTGATACTGGTCGTCTTGAGTGCAGTAGAGGTAGGCGGAATTCGTGGTGTAGCGGTGAAATGCTTAGATATCACGAAGAACTCCGATTGCGAAGGCAGCTTACTGGACTGTAACTGACGCTGATGCTCGAAAGTGTGGGTATCAA,Bacteria,Bacteroidota,Bacteroidia,Bacteroidales,Bacteroidaceae,Bacteroides,NA,TRUE,Bacteroides,Bacteroides timonensis; Bacteroides cellulosilyticus,Bacteroides timonensis; Bacteroides cellulosilyticus-0134,2.00E-122,RW,na,na,na,na,na,Presence,3.68E-04,1.74E-03,ADCP_MOS1
137,AAGCGTTGTCCGGATTTACTGGGTGTAAAGGGCGTGTAGCCGGGAAGGCAAGTCAGATGTGAAATCCACGGGCTTAACTCGTGAACTGCATTTGAAACTGTTTTTCTTGAGTATCGGAGAGGCAATCGGAATTCCTAGTGTAGCGGTGAAATGCGTAGATATTAGGAGGAACACCAGTGGCGAAGGCGGATTGCTGGACGACAACTGACGGTGAGGCGCGAAAGCGTGGGGAGCAA,Bacteria,Bacillota,Clostridia,Clostridiales,Ruminococcaceae,Oscillibacter,NA,TRUE,Oscillibacter,Oscillibacter ruminantium,Oscillibacter ruminantium-0137,2.00E-97,US,na,0,na,na,na,Presence,1.52E-03,6.51E-03,ADCP_MOS1
137,AAGCGTTGTCCGGATTTACTGGGTGTAAAGGGCGTGTAGCCGGGAAGGCAAGTCAGATGTGAAATCCACGGGCTTAACTCGTGAACTGCATTTGAAACTGTTTTTCTTGAGTATCGGAGAGGCAATCGGAATTCCTAGTGTAGCGGTGAAATGCGTAGATATTAGGAGGAACACCAGTGGCGAAGGCGGATTGCTGGACGACAACTGACGGTGAGGCGCGAAAGCGTGGGGAGCAA,Bacteria,Bacillota,Clostridia,Clostridiales,Ruminococcaceae,Oscillibacter,NA,TRUE,Oscillibacter,Oscillibacter ruminantium,Oscillibacter ruminantium-0137,2.00E-97,RW,na,na,na,na,na,Presence,8.12E-04,1.59E-03,ADCP_MOS1
140,AAGCGTTATCCGGATTTACTGGGTGTAAAGGGAGTGTAGGTGGCCATGCAAGTCAGAAGTGAAAATCCGGGGCTCAACCCCGGAACTGCTTTTGAAACTGTGAGGCTAGAGTGCAGGAGGGGTGAGTGGAATTCCTAGTGTAGCGGTGAAATGCGTAGATATTAGGAGGAACACCAGTGGCGAAGGCGGCTCACTGGACTGTAACTGACACTGAGGCTCGAAAGCGTGGGGAGCAA,Bacteria,Bacillota,Clostridia,Clostridiales,Lachnospiraceae,NA,NA,TRUE,Lachnospira,Lachnospira eligens,Lachnospira eligens-0140,4.00E-119,US,na,na,1,1,na,Presence,1.74E-03,6.42E-03,ADCP_MOS1
140,AAGCGTTATCCGGATTTACTGGGTGTAAAGGGAGTGTAGGTGGCCATGCAAGTCAGAAGTGAAAATCCGGGGCTCAACCCCGGAACTGCTTTTGAAACTGTGAGGCTAGAGTGCAGGAGGGGTGAGTGGAATTCCTAGTGTAGCGGTGAAATGCGTAGATATTAGGAGGAACACCAGTGGCGAAGGCGGCTCACTGGACTGTAACTGACACTGAGGCTCGAAAGCGTGGGGAGCAA,Bacteria,Bacillota,Clostridia,Clostridiales,Lachnospiraceae,NA,NA,TRUE,Lachnospira,Lachnospira eligens,Lachnospira eligens-0140,4.00E-119,RW,na,na,na,na,na,Presence,5.49E-04,1.42E-03,ADCP_MOS1
144,AAGCGTTGTCCGGAATTATTGGGCGTAAAGGGCGCGCAGGCGGCGTCGTAAGTCGGTCTTAAAAGTGCGGGGCTTAACCCCGTGAGGGGACCGAAACTGCGATGCTAGAGTATCGGAGAGGAAAGCGGAATTCCTAGTGTAGCGGTGAAATGCGTAGATATTAGGAGGAACACCAGTGGCGAAAGCGGCTTTCTGGACGACAACTGACGCTGAGGCGCGAAAGCCAGGGGAGCAAA,Bacteria,Bacillota,Negativicutes,Selenomonadales,Veillonellaceae,Megasphaera,NA,TRUE,Megasphaera,Megasphaera elsdenii,Megasphaera elsdenii-0144,2.00E-122,US,na,na,0,na,na,Presence,3.67E-03,1.49E-02,ADCP_MOS1
144,AAGCGTTGTCCGGAATTATTGGGCGTAAAGGGCGCGCAGGCGGCGTCGTAAGTCGGTCTTAAAAGTGCGGGGCTTAACCCCGTGAGGGGACCGAAACTGCGATGCTAGAGTATCGGAGAGGAAAGCGGAATTCCTAGTGTAGCGGTGAAATGCGTAGATATTAGGAGGAACACCAGTGGCGAAAGCGGCTTTCTGGACGACAACTGACGCTGAGGCGCGAAAGCCAGGGGAGCAAA,Bacteria,Bacillota,Negativicutes,Selenomonadales,Veillonellaceae,Megasphaera,NA,TRUE,Megasphaera,Megasphaera elsdenii,Megasphaera elsdenii-0144,2.00E-122,RW,1,na,na,na,na,Presence,4.75E-05,2.59E-04,ADCP_MOS1
145,AGGCGTTATCCGGATTTATTGGGTTTAAAGGGAGCGTAGGCGGGGAGTCAAGTCAGTTGTGAAAAGCCACGGCCCAACCGTGGTCGTGCAGTTGAAACTGGTTCTCTTGAGTGCGCACGAGGACGGTGGAATTCGTGGTGTAGCGGTGAAATGCTTAGATATCACGAAGAACTCCGATTGCGAAGGCAGCCGTCCGGAGCGTTACTGACGCTGAGGCTCGAAGGTGCGGGTATCAA,Bacteria,Bacteroidota,Bacteroidia,Bacteroidales,Prevotellaceae,NA,NA,TRUE,Bacteroides,Bacteroides clarus,Bacteroides clarus-0145,1.00E-69,US,na,na,na,na,na,Presence,4.43E-04,1.33E-03,ADCP_MOS1
145,AGGCGTTATCCGGATTTATTGGGTTTAAAGGGAGCGTAGGCGGGGAGTCAAGTCAGTTGTGAAAAGCCACGGCCCAACCGTGGTCGTGCAGTTGAAACTGGTTCTCTTGAGTGCGCACGAGGACGGTGGAATTCGTGGTGTAGCGGTGAAATGCTTAGATATCACGAAGAACTCCGATTGCGAAGGCAGCCGTCCGGAGCGTTACTGACGCTGAGGCTCGAAGGTGCGGGTATCAA,Bacteria,Bacteroidota,Bacteroidia,Bacteroidales,Prevotellaceae,NA,NA,TRUE,Bacteroides,Bacteroides clarus,Bacteroides clarus-0145,1.00E-69,RW,0,0,na,na,na,Presence,6.81E-04,2.38E-03,ADCP_MOS1
147,GGGCGTTATCCGGATTTATTGGGTTTAAAGGGAGCGTAGGCCGGAGATTAAGCGTGTTGTGAAATGTAGGCGCTCAACGTCTGCACTGCAGCGCGAACTGGTTTCCTTGAGTACGCACAAAGTGGGCGGAATTCGTGGTGTAGCGGTGAAATGCTTAGATATCACGAAGAACTCCGATTGCGAAGGCAGCTCACTGGAGCGCAACTGACGCTGAAGCTCGAAAGTGCGGGTATCGA,Bacteria,Bacteroidota,Bacteroidia,Bacteroidales,Prevotellaceae,Prevotella,NA,TRUE,Prevotella,Prevotella copri,Prevotella copri-0147,9.00E-121,RW,na,0,na,1,1,Presence,1.51E-03,4.92E-03,ADCP_MOS1
147,GGGCGTTATCCGGATTTATTGGGTTTAAAGGGAGCGTAGGCCGGAGATTAAGCGTGTTGTGAAATGTAGGCGCTCAACGTCTGCACTGCAGCGCGAACTGGTTTCCTTGAGTACGCACAAAGTGGGCGGAATTCGTGGTGTAGCGGTGAAATGCTTAGATATCACGAAGAACTCCGATTGCGAAGGCAGCTCACTGGAGCGCAACTGACGCTGAAGCTCGAAAGTGCGGGTATCGA,Bacteria,Bacteroidota,Bacteroidia,Bacteroidales,Prevotellaceae,Prevotella,NA,TRUE,Prevotella,Prevotella copri,Prevotella copri-0147,9.00E-121,US,na,na,na,na,na,Absence,0.00E+00,0.00E+00,ADCP_MOS1
151,AAGCGTTATCCGGATTTACTGGGTGTAAAGGGAGCGCAGGCGGTGCGGCAAGTCTGATGTGAAAGCCCGGGGCTCAACCCCGGGACTGCATTGGAAACTGTCGTACTTGAGTATCGGAGAGGTAAGTGGAATTCCTAGTGTAGCGGTGAAATGCGTAGATATTAGGAGGAACACCAGTGGCGAAGGCGGCTTACTGGACGATAACTGACGCTGAGGCTCGAAAGCGTGGGGAGCAA,Bacteria,Bacillota,Clostridia,Clostridiales,Lachnospiraceae,Roseburia,NA,TRUE,Roseburia,Roseburia faecis,Roseburia faecis-0151,9.00E-116,RW,na,na,na,na,na,Presence,1.04E-03,1.97E-03,ADCP_MOS1
151,AAGCGTTATCCGGATTTACTGGGTGTAAAGGGAGCGCAGGCGGTGCGGCAAGTCTGATGTGAAAGCCCGGGGCTCAACCCCGGGACTGCATTGGAAACTGTCGTACTTGAGTATCGGAGAGGTAAGTGGAATTCCTAGTGTAGCGGTGAAATGCGTAGATATTAGGAGGAACACCAGTGGCGAAGGCGGCTTACTGGACGATAACTGACGCTGAGGCTCGAAAGCGTGGGGAGCAA,Bacteria,Bacillota,Clostridia,Clostridiales,Lachnospiraceae,Roseburia,NA,TRUE,Roseburia,Roseburia faecis,Roseburia faecis-0151,9.00E-116,US,na,na,na,na,1,Presence,2.73E-03,1.04E-02,ADCP_MOS1
155,GAGCGTTATCCGGATTTATTGGGTTTAAAGGGTGCGTAGGCGGGGTGGTAAGTCAGCCGTGAAATGTCCACGCTCAACGTGGAACGTGCGTTTGATACTGCCGTCCTTGAATGCGGATGCCGTGGGAGGAATGTGTGGTGTAGCGGTGAAATGCATAGATATCACACAGAACACCGATTGCGAAGGCATCTCACGAATCCGCAATTGACGCTGAGGCACGAAAGCGCGGGTATCGA,Bacteria,Bacteroidota,Bacteroidia,Bacteroidales,Porphyromonadaceae,Falsiporphyromonas,NA,TRUE,Spongiimonas,Spongiimonas flava,Spongiimonas flava-0155,1.00E-60,RW,0,na,na,na,1,Presence,4.94E-04,1.37E-03,ADCP_MOS1
155,GAGCGTTATCCGGATTTATTGGGTTTAAAGGGTGCGTAGGCGGGGTGGTAAGTCAGCCGTGAAATGTCCACGCTCAACGTGGAACGTGCGTTTGATACTGCCGTCCTTGAATGCGGATGCCGTGGGAGGAATGTGTGGTGTAGCGGTGAAATGCATAGATATCACACAGAACACCGATTGCGAAGGCATCTCACGAATCCGCAATTGACGCTGAGGCACGAAAGCGCGGGTATCGA,Bacteria,Bacteroidota,Bacteroidia,Bacteroidales,Porphyromonadaceae,Falsiporphyromonas,NA,TRUE,Spongiimonas,Spongiimonas flava,Spongiimonas flava-0155,1.00E-60,US,na,na,na,na,na,Absence,0.00E+00,0.00E+00,ADCP_MOS1
156,GAGCGTTATCCGGATTTACTGGGTGTAAAGGGCGCGTAGGCGGGAATGCAAGTCAGATGTGAAATCCAAGGGCTCAACCCTTGAACTGCATTTGAAACTGTATTTCTTGAGTGTCGGAGAGGTTGACGGAATTCCTAGTGTAGCGGTGAAATGCGTAGATATTAGGAGGAACACCAGTGGCGAAGGCGGTCAACTGGACGATAACTGACGCTGAGGCGCGAAAGCGTGGGGAGCAA,Bacteria,Bacillota,Clostridia,Clostridiales,Ruminococcaceae,NA,NA,TRUE,Ruminiclostridium,Ruminiclostridium cellobioparum,Ruminiclostridium cellobioparum-0156,2.00E-92,RW,na,na,na,na,na,Presence,1.11E-04,3.99E-04,ADCP_MOS1
156,GAGCGTTATCCGGATTTACTGGGTGTAAAGGGCGCGTAGGCGGGAATGCAAGTCAGATGTGAAATCCAAGGGCTCAACCCTTGAACTGCATTTGAAACTGTATTTCTTGAGTGTCGGAGAGGTTGACGGAATTCCTAGTGTAGCGGTGAAATGCGTAGATATTAGGAGGAACACCAGTGGCGAAGGCGGTCAACTGGACGATAACTGACGCTGAGGCGCGAAAGCGTGGGGAGCAA,Bacteria,Bacillota,Clostridia,Clostridiales,Ruminococcaceae,NA,NA,TRUE,Ruminiclostridium,Ruminiclostridium cellobioparum,Ruminiclostridium cellobioparum-0156,2.00E-92,US,na,na,na,na,1,Presence,2.07E-03,4.40E-03,ADCP_MOS1
157,AAGCGTTGTTCGGAATCACTGGGCGTAAAGCGTGCGTAGGCGGTTTCGTAAGTCGTGTGTGAAAGGCGGGGGCTCAACCCCCGGACTGCACATGATACTGCGAGACTAGAGTAATGGAGGGGGAACCGGAATTCTCGGTGTAGCAGTGAAATGCGTAGATATCGAGAGGAACACTCGTGGCGAAGGCGGGTTCCTGGACATTAACTGACGCTGAGGCACGAAGGCCAGGGGAGCGA,Bacteria,Verrucomicrobiota,Verrucomicrobiae,Verrucomicrobiales,Verrucomicrobiaceae,Akkermansia,NA,TRUE,Akkermansia,Akkermansia muciniphila,Akkermansia muciniphila-0157,9.00E-116,US,na,1,na,na,na,Presence,4.54E-03,2.18E-02,ADCP_MOS1
157,AAGCGTTGTTCGGAATCACTGGGCGTAAAGCGTGCGTAGGCGGTTTCGTAAGTCGTGTGTGAAAGGCGGGGGCTCAACCCCCGGACTGCACATGATACTGCGAGACTAGAGTAATGGAGGGGGAACCGGAATTCTCGGTGTAGCAGTGAAATGCGTAGATATCGAGAGGAACACTCGTGGCGAAGGCGGGTTCCTGGACATTAACTGACGCTGAGGCACGAAGGCCAGGGGAGCGA,Bacteria,Verrucomicrobiota,Verrucomicrobiae,Verrucomicrobiales,Verrucomicrobiaceae,Akkermansia,NA,TRUE,Akkermansia,Akkermansia muciniphila,Akkermansia muciniphila-0157,9.00E-116,RW,na,na,na,na,na,Absence,0.00E+00,0.00E+00,ADCP_MOS1
158,GGGCGTTATCCGGATTTATTGGGTTTAAAGGGAGCGTAGGCCGCCCCTTAAGCGTGTTGTGAAATGCCGCGGCTCAACCGTGGCACTGCAGCGCGAACTGGGGGGCTTGAGTGCACGCAACGCAGGCGGAATTCGTGGTGTAGCGGTGAAATGCTTAGATATCACGAAGAACTCCGATTGCGAAGGCAGCTTGCGGGAGTGCGACTGACGCTGAAGCTCGAAGGTGCGGGTATCGA,Bacteria,Bacteroidota,Bacteroidia,Bacteroidales,Prevotellaceae,Prevotella,NA,TRUE,Prevotella,Prevotella buccalis,Prevotella buccalis-0158,3.00E-86,RW,0,na,na,na,na,Presence,1.65E-03,3.23E-03,ADCP_MOS1
158,GGGCGTTATCCGGATTTATTGGGTTTAAAGGGAGCGTAGGCCGCCCCTTAAGCGTGTTGTGAAATGCCGCGGCTCAACCGTGGCACTGCAGCGCGAACTGGGGGGCTTGAGTGCACGCAACGCAGGCGGAATTCGTGGTGTAGCGGTGAAATGCTTAGATATCACGAAGAACTCCGATTGCGAAGGCAGCTTGCGGGAGTGCGACTGACGCTGAAGCTCGAAGGTGCGGGTATCGA,Bacteria,Bacteroidota,Bacteroidia,Bacteroidales,Prevotellaceae,Prevotella,NA,TRUE,Prevotella,Prevotella buccalis,Prevotella buccalis-0158,3.00E-86,US,na,na,na,na,na,Absence,0.00E+00,0.00E+00,ADCP_MOS1
159,GAGCGTTATCCGGATTTATTGGGTTTAAAGGGTGCGTAGGCGGCAAGGTAAGTCAGCGGTGAAAGACCAGGGCTCAACTCTGGAAGTGCCGTTGATACTGTCTGGCTAGAATGATTCCGCCGTGGGAGGAATGAGTAGTGTAGCGGTGAAATGCATAGATATTACTCAGAACACCGATTGCGAAGGCATCTCACGAGGGGTTCATTGACGCTGAGGCACGAAAGCGTGGGGATCGA,Bacteria,Bacteroidota,Bacteroidia,Bacteroidales,Marinilabiliaceae,NA,NA,TRUE,Pedobacter,Pedobacter changchengzhani; Pedobacter lithocola,Pedobacter changchengzhani; Pedobacter lithocola-0159,2.00E-62,RW,0,na,na,na,1,Presence,1.33E-03,4.48E-03,ADCP_MOS1
159,GAGCGTTATCCGGATTTATTGGGTTTAAAGGGTGCGTAGGCGGCAAGGTAAGTCAGCGGTGAAAGACCAGGGCTCAACTCTGGAAGTGCCGTTGATACTGTCTGGCTAGAATGATTCCGCCGTGGGAGGAATGAGTAGTGTAGCGGTGAAATGCATAGATATTACTCAGAACACCGATTGCGAAGGCATCTCACGAGGGGTTCATTGACGCTGAGGCACGAAAGCGTGGGGATCGA,Bacteria,Bacteroidota,Bacteroidia,Bacteroidales,Marinilabiliaceae,NA,NA,TRUE,Pedobacter,Pedobacter changchengzhani; Pedobacter lithocola,Pedobacter changchengzhani; Pedobacter lithocola-0159,2.00E-62,US,na,na,na,na,na,Presence,1.88E-04,1.06E-03,ADCP_MOS1
170,GAGCGTTATCCGGATTTATTGGGTTTAAAGGGTGCGTAGGCGGGGTGGTAAGTCAGCCGTGAAATGTCCACGCTCAACGTGGAACGTGCGTTTGATACTGCCGTCCTGGAATGCGGATGCCGTGGGAGGAATGTGTGGTGTAGCGGTGAAATGCATAGATATCACACAGAACACCGATTGCGAAGGCATCTCACGAATCCGCAATTGACGCTGAGGCACGAAAGCGCGGGTATCGA,Bacteria,Bacteroidota,Bacteroidia,Bacteroidales,Porphyromonadaceae,NA,NA,TRUE,Spongiimonas,Spongiimonas flava,Spongiimonas flava-0170,5.00E-59,RW,0,na,na,na,na,Presence,6.58E-04,1.62E-03,ADCP_MOS1
170,GAGCGTTATCCGGATTTATTGGGTTTAAAGGGTGCGTAGGCGGGGTGGTAAGTCAGCCGTGAAATGTCCACGCTCAACGTGGAACGTGCGTTTGATACTGCCGTCCTGGAATGCGGATGCCGTGGGAGGAATGTGTGGTGTAGCGGTGAAATGCATAGATATCACACAGAACACCGATTGCGAAGGCATCTCACGAATCCGCAATTGACGCTGAGGCACGAAAGCGCGGGTATCGA,Bacteria,Bacteroidota,Bacteroidia,Bacteroidales,Porphyromonadaceae,NA,NA,TRUE,Spongiimonas,Spongiimonas flava,Spongiimonas flava-0170,5.00E-59,US,na,na,na,na,na,Absence,0.00E+00,0.00E+00,ADCP_MOS1
180,GGGCGTTATCCGGATTTATTGGGTTTAAAGGGAGCGCAGGCGGACTTTTAAGTCAGCTGTGAAATCTGGCGGCTCAACCGTCAGACTGCAGTTGATACTGGAAGTCTTGAGTGCACACAGGGATGCTGGAATTCATGGTGTAGCGGTGAAATGCTCAGATATCATGAAGAACTCCAATCGCGAAGGCAGGCATCCGGGGTGCAACTGACGCTGAGGCTCGAAAGTGCGGGTATCAA,Bacteria,Bacteroidota,Bacteroidia,Bacteroidales,Prevotellaceae,Alloprevotella,NA,TRUE,Prevotellamassilia,Prevotellamassilia timonensis,Prevotellamassilia timonensis-0180,9.00E-111,RW,na,0,1,0,na,Presence,2.34E-03,9.67E-03,ADCP_MOS1
180,GGGCGTTATCCGGATTTATTGGGTTTAAAGGGAGCGCAGGCGGACTTTTAAGTCAGCTGTGAAATCTGGCGGCTCAACCGTCAGACTGCAGTTGATACTGGAAGTCTTGAGTGCACACAGGGATGCTGGAATTCATGGTGTAGCGGTGAAATGCTCAGATATCATGAAGAACTCCAATCGCGAAGGCAGGCATCCGGGGTGCAACTGACGCTGAGGCTCGAAAGTGCGGGTATCAA,Bacteria,Bacteroidota,Bacteroidia,Bacteroidales,Prevotellaceae,Alloprevotella,NA,TRUE,Prevotellamassilia,Prevotellamassilia timonensis,Prevotellamassilia timonensis-0180,9.00E-111,US,na,na,na,na,na,Absence,0.00E+00,0.00E+00,ADCP_MOS1
184,GAGCGTTGTCCGGAATGACTGGGTGTAAAGGGAGCGTAGGCGGGATGGCAAGTCAGATGTGAAACCTGAGGGCTCAACCTTCAGACTGCATTTGAAACTGCTGTTCTTGAGTGAAGTAGAGGTAAGCGGAATTCCTGGTGTAGCGGTGAAATGCGTAGAGATCAGGAGGAACATCGGTGGCGAAGGCGGCTTACTGGGCTTTTACTGACGCTGAGGCTCGAAAGCGTGGGGAGCAA,Bacteria,Bacillota,Clostridia,Clostridiales,Ruminococcaceae,Ruminococcus,NA,TRUE,Ruminococcus,Ruminococcus callidus,Ruminococcus callidus-0184,9.00E-106,RW,na,na,na,na,na,Presence,5.84E-04,6.54E-04,ADCP_MOS1
184,GAGCGTTGTCCGGAATGACTGGGTGTAAAGGGAGCGTAGGCGGGATGGCAAGTCAGATGTGAAACCTGAGGGCTCAACCTTCAGACTGCATTTGAAACTGCTGTTCTTGAGTGAAGTAGAGGTAAGCGGAATTCCTGGTGTAGCGGTGAAATGCGTAGAGATCAGGAGGAACATCGGTGGCGAAGGCGGCTTACTGGGCTTTTACTGACGCTGAGGCTCGAAAGCGTGGGGAGCAA,Bacteria,Bacillota,Clostridia,Clostridiales,Ruminococcaceae,Ruminococcus,NA,TRUE,Ruminococcus,Ruminococcus callidus,Ruminococcus callidus-0184,9.00E-106,US,na,na,1,na,na,Presence,3.85E-04,9.14E-04,ADCP_MOS1
186,GAGCGTTATCCGGAATTACTGGGTGTAAAGGGTGTGTAGGCGGGCAAACAAGTCAGATGTGAAAACTATGGGCTTAACCCATAGCCTGCATTTGAAACTGTATGTCTTGAGGATGGGAGAGGTAAATGGAATTCCCGGTGTAGCGGTGAAATGCGTAGATATCGGGAGGAACACCAGTGGCGAAGGCGGTTTACTGGACCATTACTGACGCTGAGACACGAAAGCGTGGGGAGCAA,Bacteria,Bacillota,Clostridia,Clostridiales,Ruminococcaceae,Intestinimonas,NA,TRUE,Colidextribacter,Colidextribacter massiliensis,Colidextribacter massiliensis-0186,8.00E-82,US,na,na,na,na,na,Presence,1.23E-03,6.94E-03,ADCP_MOS1
186,GAGCGTTATCCGGAATTACTGGGTGTAAAGGGTGTGTAGGCGGGCAAACAAGTCAGATGTGAAAACTATGGGCTTAACCCATAGCCTGCATTTGAAACTGTATGTCTTGAGGATGGGAGAGGTAAATGGAATTCCCGGTGTAGCGGTGAAATGCGTAGATATCGGGAGGAACACCAGTGGCGAAGGCGGTTTACTGGACCATTACTGACGCTGAGACACGAAAGCGTGGGGAGCAA,Bacteria,Bacillota,Clostridia,Clostridiales,Ruminococcaceae,Intestinimonas,NA,TRUE,Colidextribacter,Colidextribacter massiliensis,Colidextribacter massiliensis-0186,8.00E-82,RW,0,na,na,na,1,Presence,1.28E-03,5.19E-03,ADCP_MOS1
192,GGGCGTTATCCGGATTTATTGGGTTTAAAGGGAGCGTAGGCTGGAGATTAAGCGTGTTGTGAAATGTAGATGCTCAACATCTGCACTGCAGCGCGAACTGGTTTCCTTGAGTACGCACAAAGTGGGCGGAATTCGTGGTGTAGCGGTGAAATGCTTAGATATCACGAAGAACTCCGATTGCGAAGGCAGCTCACTGGAGCGCAACTGACGCTGAAGCTCGAAAGTGCGGGTATCGA,Bacteria,Bacteroidota,Bacteroidia,Bacteroidales,Prevotellaceae,Prevotella,NA,TRUE,Prevotella,Prevotella copri,Prevotella copri-0192,2.00E-117,RW,0,0,na,na,1,Presence,5.58E-04,2.07E-03,ADCP_MOS1
192,GGGCGTTATCCGGATTTATTGGGTTTAAAGGGAGCGTAGGCTGGAGATTAAGCGTGTTGTGAAATGTAGATGCTCAACATCTGCACTGCAGCGCGAACTGGTTTCCTTGAGTACGCACAAAGTGGGCGGAATTCGTGGTGTAGCGGTGAAATGCTTAGATATCACGAAGAACTCCGATTGCGAAGGCAGCTCACTGGAGCGCAACTGACGCTGAAGCTCGAAAGTGCGGGTATCGA,Bacteria,Bacteroidota,Bacteroidia,Bacteroidales,Prevotellaceae,Prevotella,NA,TRUE,Prevotella,Prevotella copri,Prevotella copri-0192,2.00E-117,US,na,na,na,na,na,Presence,3.83E-04,2.17E-03,ADCP_MOS1
202,GGGCGTTATCCGGATTTATTGGGTTTAAAGGGAGCGTAGGCCGGAGATTAAGCGTGTTGTGAAATGTAGACGCTCAACGTCTGCACTGCAGCGCGAACTGGTTTTCTTGAGTACGCACAAAGTGGGCGGAATTCGTGGTGTAGCGGTGAAATGCTTAGATATCACGAAGAACTCCGATTGCGAAGGCAGCTCACTGGAGCGCAACTGACGCTGAAGCTCGAAAGTGCGGGTATCGA,Bacteria,Bacteroidota,Bacteroidia,Bacteroidales,Prevotellaceae,Prevotella,NA,TRUE,Prevotella,Prevotella copri,Prevotella copri-0202,9.00E-121,RW,0,na,na,1,1,Presence,7.91E-04,2.86E-03,ADCP_MOS1
202,GGGCGTTATCCGGATTTATTGGGTTTAAAGGGAGCGTAGGCCGGAGATTAAGCGTGTTGTGAAATGTAGACGCTCAACGTCTGCACTGCAGCGCGAACTGGTTTTCTTGAGTACGCACAAAGTGGGCGGAATTCGTGGTGTAGCGGTGAAATGCTTAGATATCACGAAGAACTCCGATTGCGAAGGCAGCTCACTGGAGCGCAACTGACGCTGAAGCTCGAAAGTGCGGGTATCGA,Bacteria,Bacteroidota,Bacteroidia,Bacteroidales,Prevotellaceae,Prevotella,NA,TRUE,Prevotella,Prevotella copri,Prevotella copri-0202,9.00E-121,US,na,na,na,na,na,Absence,0.00E+00,0.00E+00,ADCP_MOS1
203,GAGCGTTATCCGGATTTATTGGGTTTAAAGGGAGCGTAGATGGATATTTAAGTCAGTTGTGAAAGTTTGCGGCTCAACCGTAAAATTGCAGTTGATACTGGATATCTTGAGTGCAGTTGAGGCAGGCGGAATTCGTGGTGTAGCGGTGAAATGCTTAGATATCACGAAGAACTCCGATTGCGAAGGCAGCCTGCTAAGCTGCAACTGACATTGAGGCTCGAAAGTGTGGGTATCAA,Bacteria,Bacteroidota,Bacteroidia,Bacteroidales,Bacteroidaceae,Bacteroides,vulgatus,TRUE,Phocaeicola,Phocaeicola vulgatus,Phocaeicola vulgatus-0203,9.00E-121,RW,na,na,na,na,na,Absence,0.00E+00,0.00E+00,ADCP_MOS1
203,GAGCGTTATCCGGATTTATTGGGTTTAAAGGGAGCGTAGATGGATATTTAAGTCAGTTGTGAAAGTTTGCGGCTCAACCGTAAAATTGCAGTTGATACTGGATATCTTGAGTGCAGTTGAGGCAGGCGGAATTCGTGGTGTAGCGGTGAAATGCTTAGATATCACGAAGAACTCCGATTGCGAAGGCAGCCTGCTAAGCTGCAACTGACATTGAGGCTCGAAAGTGTGGGTATCAA,Bacteria,Bacteroidota,Bacteroidia,Bacteroidales,Bacteroidaceae,Bacteroides,vulgatus,TRUE,Phocaeicola,Phocaeicola vulgatus,Phocaeicola vulgatus-0203,9.00E-121,US,na,0,1,na,na,Presence,2.69E-03,7.46E-03,ADCP_MOS1
206,AAGCGTTACTCGGAATCACTGGGCGTAAAGGACGCGTAGGCGGATTATCAAGTCTTTTGTGAAATCTAATGGCTTAACCATTAAACTGCTTGGGAAACTGATAATCTAGAGTGAGGGAGAGGTAGATGGAATTCTTGGTGTAGGGGTAAAATCCGTAGAGATCAAGAAGAATACCCATTGCGAAGGCGATCTGCTAGAACTCAACTGACGCTAATGCGTGAAAGCGTGGGGAGCAA,Bacteria,Pseudomonadota,Epsilonproteobacteria,Campylobacterales,Campylobacteraceae,Campylobacter,NA,TRUE,Campylobacter,Campylobacter coli,Campylobacter coli-0206,2.00E-112,US,na,na,na,na,na,Absence,0.00E+00,0.00E+00,ADCP_MOS1
206,AAGCGTTACTCGGAATCACTGGGCGTAAAGGACGCGTAGGCGGATTATCAAGTCTTTTGTGAAATCTAATGGCTTAACCATTAAACTGCTTGGGAAACTGATAATCTAGAGTGAGGGAGAGGTAGATGGAATTCTTGGTGTAGGGGTAAAATCCGTAGAGATCAAGAAGAATACCCATTGCGAAGGCGATCTGCTAGAACTCAACTGACGCTAATGCGTGAAAGCGTGGGGAGCAA,Bacteria,Pseudomonadota,Epsilonproteobacteria,Campylobacterales,Campylobacteraceae,Campylobacter,NA,TRUE,Campylobacter,Campylobacter coli,Campylobacter coli-0206,2.00E-112,RW,na,na,0,1,na,Presence,1.29E-03,6.28E-03,ADCP_MOS1
213,GAGCGTTATCCGGATTTATTGGGTTTAAAGGGTGCGTAGGCGGCCTTTTAAGTCAGCGGTGAAAGTCTGTGGCTCAACCATAGAATTGCCGTTGAAACTGGGGGGCTTGAGTATGTTTGAGGCAGGCGGAATGCGTGGTGTAGCGGTGAAATGCATAGATATCACGCAGAACCCCGATTGCGAAGGCAGCCTGCCAAGCCATTACTGACGCTGATGCACGAAAGCGTGGGGATCAA,Bacteria,Bacteroidota,Bacteroidia,Bacteroidales,Porphyromonadaceae,Parabacteroides,distasonis,TRUE,Flintibacter,Flintibacter butyricus,Flintibacter butyricus-0213,4.00E-94,RW,na,na,na,na,na,Presence,4.10E-05,1.53E-04,ADCP_MOS1
213,GAGCGTTATCCGGATTTATTGGGTTTAAAGGGTGCGTAGGCGGCCTTTTAAGTCAGCGGTGAAAGTCTGTGGCTCAACCATAGAATTGCCGTTGAAACTGGGGGGCTTGAGTATGTTTGAGGCAGGCGGAATGCGTGGTGTAGCGGTGAAATGCATAGATATCACGCAGAACCCCGATTGCGAAGGCAGCCTGCCAAGCCATTACTGACGCTGATGCACGAAAGCGTGGGGATCAA,Bacteria,Bacteroidota,Bacteroidia,Bacteroidales,Porphyromonadaceae,Parabacteroides,distasonis,TRUE,Flintibacter,Flintibacter butyricus,Flintibacter butyricus-0213,4.00E-94,US,na,na,na,na,1,Presence,1.48E-03,3.09E-03,ADCP_MOS1
214,AAGCGTTACTCGGAATTACTAGGCGTAAAGCGCGCGTAGGCGGAATGTTAAGTCTGTTGTGTAATCTCTGGGCTCAACCCAGAAACTGCAACAGAAACTGGCGTTCTTGAGTGAGGCAGAGGAAATCGGAATTCCTAGTGTAGCAGTGAAATGCGTAGATATTAGGAGGAACACCGGTGGCGAAGGCGGATTTCTGGGCCTTTACTGACGCTAAAGTGCGAAAGCTAGGGGAGCAA,Bacteria,Elusimicrobiota,Elusimicrobiota,Elusimicrobiotales,Elusimicrobiotaceae,Elusimicrobium,NA,TRUE,Elusimicrobium,Elusimicrobium minutum,Elusimicrobium minutum-0214,4.00E-109,US,na,na,na,na,na,Presence,3.64E-04,1.22E-03,ADCP_MOS1
214,AAGCGTTACTCGGAATTACTAGGCGTAAAGCGCGCGTAGGCGGAATGTTAAGTCTGTTGTGTAATCTCTGGGCTCAACCCAGAAACTGCAACAGAAACTGGCGTTCTTGAGTGAGGCAGAGGAAATCGGAATTCCTAGTGTAGCAGTGAAATGCGTAGATATTAGGAGGAACACCGGTGGCGAAGGCGGATTTCTGGGCCTTTACTGACGCTAAAGTGCGAAAGCTAGGGGAGCAA,Bacteria,Elusimicrobiota,Elusimicrobiota,Elusimicrobiotales,Elusimicrobiotaceae,Elusimicrobium,NA,TRUE,Elusimicrobium,Elusimicrobium minutum,Elusimicrobium minutum-0214,4.00E-109,RW,na,0,na,na,na,Presence,3.64E-04,1.22E-03,ADCP_MOS1
215,AAGCGTTATCCGGATTTACTGGGCGTAAAGGGAGCGTAGGCGGATATTTAAGTGGGATGTGAAATACCCGAGCTTAACTTGGGAGCTGCATTCCAAACTGGATATCTAGAGTGCAGGAGAGGAGAATGGAATTCCTAGTGTAGCGGTGAAATGCGTAGAGATTAGGAAGAACACCAGTGGCGAAGGCGATTCTCTGGACTGTAACTGACGCTGAGGCTCGAAAGCGTGGGGAGCAA,Bacteria,Bacillota,Clostridia,Clostridiales,Clostridiaceae_1,Clostridium_sensu_stricto,NA,TRUE,Clostridium,Clostridium ventriculi,Clostridium ventriculi-0215,3.00E-120,US,na,na,na,na,na,Presence,5.93E-04,3.36E-03,ADCP_MOS1
215,AAGCGTTATCCGGATTTACTGGGCGTAAAGGGAGCGTAGGCGGATATTTAAGTGGGATGTGAAATACCCGAGCTTAACTTGGGAGCTGCATTCCAAACTGGATATCTAGAGTGCAGGAGAGGAGAATGGAATTCCTAGTGTAGCGGTGAAATGCGTAGAGATTAGGAAGAACACCAGTGGCGAAGGCGATTCTCTGGACTGTAACTGACGCTGAGGCTCGAAAGCGTGGGGAGCAA,Bacteria,Bacillota,Clostridia,Clostridiales,Clostridiaceae_1,Clostridium_sensu_stricto,NA,TRUE,Clostridium,Clostridium ventriculi,Clostridium ventriculi-0215,3.00E-120,RW,na,0,na,na,na,Presence,8.78E-04,1.94E-03,ADCP_MOS1
216,AAGCGTTGTCCGGAATTACTGGGTGTAAAGGGAGCGCAGGCGGGTGATCAAGTCAGCTGTGAAAACTACGGGCTTAACCCGTAGACTGCAGTTGAAACTGTTCATCTTGAGTGAAGTAGAGGTTGGCGGAATTCCGAGTGTAGCGGTGAAATGCGTAGATATTCGGAGGAACACCGGTGGCGAAGGCGGCCAACTGGGCTTTAACTGACGCTGAGGCTCGAAAGTGTGGGGAGCAA,Bacteria,Bacillota,Clostridia,Clostridiales,Ruminococcaceae,NA,NA,TRUE,Eubacterium,Eubacterium coprostanoligenes,Eubacterium coprostanoligenes-0216,4.00E-109,US,0,na,na,1,na,Presence,7.91E-04,2.25E-03,ADCP_MOS1
216,AAGCGTTGTCCGGAATTACTGGGTGTAAAGGGAGCGCAGGCGGGTGATCAAGTCAGCTGTGAAAACTACGGGCTTAACCCGTAGACTGCAGTTGAAACTGTTCATCTTGAGTGAAGTAGAGGTTGGCGGAATTCCGAGTGTAGCGGTGAAATGCGTAGATATTCGGAGGAACACCGGTGGCGAAGGCGGCCAACTGGGCTTTAACTGACGCTGAGGCTCGAAAGTGTGGGGAGCAA,Bacteria,Bacillota,Clostridia,Clostridiales,Ruminococcaceae,NA,NA,TRUE,Eubacterium,Eubacterium coprostanoligenes,Eubacterium coprostanoligenes-0216,4.00E-109,RW,na,na,na,na,na,Presence,2.17E-04,3.98E-04,ADCP_MOS1
221,AAGCGTTAATCGGAATTACTGGGCGTAAAGCGTGCGCAGGCGGTTCTGTAAGACAGATGTGAAATCCCCGGGCTCAACCTGGGAATTGCATTTGTGACTGCAGGACTAGAGTTCATCAGAGGGGGGTGGAATTCCAAGTGTAGCAGTGAAATGCGTAGATATTTGGAAGAACACCAATGGCGAAGGCAGCCCCCTGGGATGCGACTGACGCTCATGCACGAAAGCGTGGGGAGCAA,Bacteria,Pseudomonadota,Betaproteobacteria,Burkholderiales,Sutterellaceae,Sutterella,stercoricanis,TRUE,Sutterella,Sutterella massiliensis; Sutterella stercoricanis,Sutterella massiliensis; Sutterella stercoricanis-0221,2.00E-122,RW,na,na,na,na,1,Presence,4.38E-04,1.32E-03,ADCP_MOS1
221,AAGCGTTAATCGGAATTACTGGGCGTAAAGCGTGCGCAGGCGGTTCTGTAAGACAGATGTGAAATCCCCGGGCTCAACCTGGGAATTGCATTTGTGACTGCAGGACTAGAGTTCATCAGAGGGGGGTGGAATTCCAAGTGTAGCAGTGAAATGCGTAGATATTTGGAAGAACACCAATGGCGAAGGCAGCCCCCTGGGATGCGACTGACGCTCATGCACGAAAGCGTGGGGAGCAA,Bacteria,Pseudomonadota,Betaproteobacteria,Burkholderiales,Sutterellaceae,Sutterella,stercoricanis,TRUE,Sutterella,Sutterella massiliensis; Sutterella stercoricanis,Sutterella massiliensis; Sutterella stercoricanis-0221,2.00E-122,US,na,na,na,na,na,Presence,1.71E-03,5.14E-03,ADCP_MOS1
229,GAGCGTTGTCCGGAATCATTGGGCGTAAAGAGTTCGTAGGTGGCCTGTTAAGTCTGGTGTTAAATGCAGATGCTCAACATCTGTTCGGCACTGGATACTGGCAAGCTTGAATGCGGTAGAGGTAAAGGGAATTCCTGGTGTAGCGGTGAAATGCGTAGATATCAGGAGGAACATCGGTGGCGTAAGCGCTTTACTGGGCCGTAATTGACACTGAGGAACGAAAGCCAGGGTAGCAA,Bacteria,Pseudomonadota,Deltaproteobacteria,Bdellovibrionales,Bdellovibrionaceae,Vampirovibrio,NA,TRUE,Vampirovibrio,Vampirovibrio chlorellavorus,Vampirovibrio chlorellavorus-0229,2.00E-63,RW,0,na,na,na,na,Presence,9.00E-04,2.59E-03,ADCP_MOS1
229,GAGCGTTGTCCGGAATCATTGGGCGTAAAGAGTTCGTAGGTGGCCTGTTAAGTCTGGTGTTAAATGCAGATGCTCAACATCTGTTCGGCACTGGATACTGGCAAGCTTGAATGCGGTAGAGGTAAAGGGAATTCCTGGTGTAGCGGTGAAATGCGTAGATATCAGGAGGAACATCGGTGGCGTAAGCGCTTTACTGGGCCGTAATTGACACTGAGGAACGAAAGCCAGGGTAGCAA,Bacteria,Pseudomonadota,Deltaproteobacteria,Bdellovibrionales,Bdellovibrionaceae,Vampirovibrio,NA,TRUE,Vampirovibrio,Vampirovibrio chlorellavorus,Vampirovibrio chlorellavorus-0229,2.00E-63,US,na,na,na,na,na,Presence,1.13E-04,5.71E-04,ADCP_MOS1
241,AAGCGTTATCCGGATTTACTGGGTGTAAAGGGAGCGTAGACGGAATGGCAAGTCTGATGTGAAAGGCCGGGGCTCAACCCCGGGACTGCATTGGAAACTGTCAATCTAGAGTACCGGAGGGGTAAGTGGAATTCCTAGTGTAGCGGTGAAATGCGTAGATATTAGGAGGAACACCAGTGGCGAAGGCGGCTTACTGGACGGTAACTGACGTTGAGGCTCGAAAGCGTGGGGAGCAA,Bacteria,Bacillota,Clostridia,Clostridiales,Lachnospiraceae,Ruminococcus2,NA,TRUE,Blautia,Blautia faecicola,Blautia faecicola-0241,9.00E-121,US,na,na,na,na,na,Presence,9.24E-04,1.16E-03,ADCP_MOS1
241,AAGCGTTATCCGGATTTACTGGGTGTAAAGGGAGCGTAGACGGAATGGCAAGTCTGATGTGAAAGGCCGGGGCTCAACCCCGGGACTGCATTGGAAACTGTCAATCTAGAGTACCGGAGGGGTAAGTGGAATTCCTAGTGTAGCGGTGAAATGCGTAGATATTAGGAGGAACACCAGTGGCGAAGGCGGCTTACTGGACGGTAACTGACGTTGAGGCTCGAAAGCGTGGGGAGCAA,Bacteria,Bacillota,Clostridia,Clostridiales,Lachnospiraceae,Ruminococcus2,NA,TRUE,Blautia,Blautia faecicola,Blautia faecicola-0241,9.00E-121,RW,0,na,na,na,na,Presence,4.91E-04,8.31E-04,ADCP_MOS1
243,GGGCGTTATCCGGATTTATTGGGTTTAAAGGGAGCGTAGGCCGGAGATTAAGCGTGTTGTGAAATGTAGATGCTCAACATCTGCACTGCAGCGCGAACTGTTTTCCTTGAGTACGCACAAAGTGGGCGGAATTCGTGGTGTAGCGGTGAAATGCTTAGATATCACGAAGAACTCCGATTGCGAAGGCAGCTCACTGGAGCGCAACTGACGCTGAAGCTCGAAAGTGCGGGTATCGA,Bacteria,Bacteroidota,Bacteroidia,Bacteroidales,Prevotellaceae,Prevotella,NA,TRUE,Prevotella,Prevotella copri,Prevotella copri-0243,2.00E-117,RW,na,na,1,na,1,Presence,1.46E-03,5.59E-03,ADCP_MOS1
243,GGGCGTTATCCGGATTTATTGGGTTTAAAGGGAGCGTAGGCCGGAGATTAAGCGTGTTGTGAAATGTAGATGCTCAACATCTGCACTGCAGCGCGAACTGTTTTCCTTGAGTACGCACAAAGTGGGCGGAATTCGTGGTGTAGCGGTGAAATGCTTAGATATCACGAAGAACTCCGATTGCGAAGGCAGCTCACTGGAGCGCAACTGACGCTGAAGCTCGAAAGTGCGGGTATCGA,Bacteria,Bacteroidota,Bacteroidia,Bacteroidales,Prevotellaceae,Prevotella,NA,TRUE,Prevotella,Prevotella copri,Prevotella copri-0243,2.00E-117,US,na,na,na,na,na,Absence,0.00E+00,0.00E+00,ADCP_MOS1
254,AAGCGTTGTCCGGAATTACTGGGTGTAAAGGGAGCGCAGGCGGGAAGACAAGTTGGAAGTGAAATCCATGGGCTCAACTCATGAACTGCTTTCAAAACTGTTTTTCTTGAGTAGTGCAGAGGTAGGCGGAATTCCCGGTGTAGCGGTGGAATGCGTAGATATCGGGAGGAACACCAGTGGCGAAGGCGGCCTACTGGGCACCAACTGACGCTGAGGCTCGAAAGTGTGGGTAGCAA,Bacteria,Bacillota,Clostridia,Clostridiales,Ruminococcaceae,Faecalibacterium,NA,TRUE,Faecalibacterium,Faecalibacterium prausnitzii,Faecalibacterium prausnitzii-0254,4.00E-119,US,na,na,na,na,na,Presence,2.12E-04,1.20E-03,ADCP_MOS1
254,AAGCGTTGTCCGGAATTACTGGGTGTAAAGGGAGCGCAGGCGGGAAGACAAGTTGGAAGTGAAATCCATGGGCTCAACTCATGAACTGCTTTCAAAACTGTTTTTCTTGAGTAGTGCAGAGGTAGGCGGAATTCCCGGTGTAGCGGTGGAATGCGTAGATATCGGGAGGAACACCAGTGGCGAAGGCGGCCTACTGGGCACCAACTGACGCTGAGGCTCGAAAGTGTGGGTAGCAA,Bacteria,Bacillota,Clostridia,Clostridiales,Ruminococcaceae,Faecalibacterium,NA,TRUE,Faecalibacterium,Faecalibacterium prausnitzii,Faecalibacterium prausnitzii-0254,4.00E-119,RW,0,na,na,na,na,Presence,5.07E-04,1.17E-03,ADCP_MOS1
272,AAGCGTTGTCCGGAATTACTGGGTGTAAAGGGAGCGCAGGCGGGAAGGCAAGTTGGAAGTGAAAACCATGGGCTCAACCCATGAATTGCTTTCAAAACTGTTTTTCTTGAGTAGTGCAGAGGTAGATGGAATTCCCGGTGTAGCGGTGGAATGCGTAGATATCGGGAGGAACACCAGTGGCGAAGGCGGTCTACTGGGCACCAACTGACGCTGAGGCTCGAAAGCATGGGTAGCAA,Bacteria,Bacillota,Clostridia,Clostridiales,Ruminococcaceae,Faecalibacterium,NA,TRUE,Faecalibacterium,Faecalibacterium prausnitzii,Faecalibacterium prausnitzii-0272,9.00E-111,US,1,na,na,0,na,Presence,1.33E-03,4.89E-03,ADCP_MOS1
272,AAGCGTTGTCCGGAATTACTGGGTGTAAAGGGAGCGCAGGCGGGAAGGCAAGTTGGAAGTGAAAACCATGGGCTCAACCCATGAATTGCTTTCAAAACTGTTTTTCTTGAGTAGTGCAGAGGTAGATGGAATTCCCGGTGTAGCGGTGGAATGCGTAGATATCGGGAGGAACACCAGTGGCGAAGGCGGTCTACTGGGCACCAACTGACGCTGAGGCTCGAAAGCATGGGTAGCAA,Bacteria,Bacillota,Clostridia,Clostridiales,Ruminococcaceae,Faecalibacterium,NA,TRUE,Faecalibacterium,Faecalibacterium prausnitzii,Faecalibacterium prausnitzii-0272,9.00E-111,RW,na,na,na,na,na,Presence,7.86E-05,5.33E-04,ADCP_MOS1
285,GAGCGTTATCCGGATTTACTGGGTGTAAAGGGCGCGTAGGCGGGAATGCAAGTCAGATGTGAAATCCAGGGGCTTAACCCTTGAACTGCATTTGAAACTGTATTTCTTGAGTGTCGGAGAGGTTGACGGAATTCCTAGTGTAGCGGTGAAATGCGTAGATATTAGGAGGAACACCAGTGGCGAAGGCGGTCAACTGGACGATAACTGACGCTGAGGCGCGAAAGCGTGGGGAGCAA,Bacteria,Bacillota,Clostridia,Clostridiales,Ruminococcaceae,NA,NA,TRUE,Sporobacter,Sporobacter termitidis,Sporobacter termitidis-0285,2.00E-93,RW,na,na,na,na,na,Presence,2.99E-04,5.55E-04,ADCP_MOS1
285,GAGCGTTATCCGGATTTACTGGGTGTAAAGGGCGCGTAGGCGGGAATGCAAGTCAGATGTGAAATCCAGGGGCTTAACCCTTGAACTGCATTTGAAACTGTATTTCTTGAGTGTCGGAGAGGTTGACGGAATTCCTAGTGTAGCGGTGAAATGCGTAGATATTAGGAGGAACACCAGTGGCGAAGGCGGTCAACTGGACGATAACTGACGCTGAGGCGCGAAAGCGTGGGGAGCAA,Bacteria,Bacillota,Clostridia,Clostridiales,Ruminococcaceae,NA,NA,TRUE,Sporobacter,Sporobacter termitidis,Sporobacter termitidis-0285,2.00E-93,US,na,na,na,1,na,Presence,1.47E-03,5.99E-03,ADCP_MOS1
300,GAGCGTTATCCGGATTTATTGGGTTTAAAGGGTGCGTAGGCGGCAAGGTAAGTCAGCGGTGAAAGACCAGGGCTCAACTCTGGAAGTGCCGTTGATACTGTCTGGCTAGAATGGTTCCGCCGTGGGAGGAATGAGTAGTGTAGCGGTGAAATGCATAGATATTACTCAGAACACCGATTGCGAAGGCATCTCACGAGGAGCTCATTGACGCTGAGGCACGAAAGCGTGGGGATCGA,Bacteria,Bacteroidota,Bacteroidia,Bacteroidales,Marinilabiliaceae,NA,NA,TRUE,Pedobacter,Pedobacter zeae; Pedobacter rhizosphaerae,Pedobacter zeae; Pedobacter rhizosphaerae-0300,1.00E-60,RW,0,na,na,na,na,Presence,6.76E-04,1.99E-03,ADCP_MOS1
300,GAGCGTTATCCGGATTTATTGGGTTTAAAGGGTGCGTAGGCGGCAAGGTAAGTCAGCGGTGAAAGACCAGGGCTCAACTCTGGAAGTGCCGTTGATACTGTCTGGCTAGAATGGTTCCGCCGTGGGAGGAATGAGTAGTGTAGCGGTGAAATGCATAGATATTACTCAGAACACCGATTGCGAAGGCATCTCACGAGGAGCTCATTGACGCTGAGGCACGAAAGCGTGGGGATCGA,Bacteria,Bacteroidota,Bacteroidia,Bacteroidales,Marinilabiliaceae,NA,NA,TRUE,Pedobacter,Pedobacter zeae; Pedobacter rhizosphaerae,Pedobacter zeae; Pedobacter rhizosphaerae-0300,1.00E-60,US,na,na,na,na,na,Presence,9.50E-05,5.38E-04,ADCP_MOS1
308,GAGCGTTATCCGGATTTATTGGGTTTAAAGGGAGCGTAGGTGGATTGTTAAGTCAGTTGTGAAAGTTTGCGGCTCAACCGTAAAATTGCAGTTGATACTGGCAGTCTTGAGTACAGTAGAGGTGGGCGGAATTCGTGGTGTAGCGGTGAAATGCTTAGATATCACGAAGAACTCCGATTGCGAAGGCAGCTCACTGGACTGCAACTGACACTGATGCTCGAAAGTGTGGGTATCAA,Bacteria,Bacteroidota,Bacteroidia,Bacteroidales,Bacteroidaceae,Bacteroides,finegoldii,TRUE,Bacteroides,Bacteroides finegoldii,Bacteroides finegoldii-0308,2.00E-122,US,na,1,na,na,na,Presence,1.38E-03,5.26E-03,ADCP_MOS1
308,GAGCGTTATCCGGATTTATTGGGTTTAAAGGGAGCGTAGGTGGATTGTTAAGTCAGTTGTGAAAGTTTGCGGCTCAACCGTAAAATTGCAGTTGATACTGGCAGTCTTGAGTACAGTAGAGGTGGGCGGAATTCGTGGTGTAGCGGTGAAATGCTTAGATATCACGAAGAACTCCGATTGCGAAGGCAGCTCACTGGACTGCAACTGACACTGATGCTCGAAAGTGTGGGTATCAA,Bacteria,Bacteroidota,Bacteroidia,Bacteroidales,Bacteroidaceae,Bacteroides,finegoldii,TRUE,Bacteroides,Bacteroides finegoldii,Bacteroides finegoldii-0308,2.00E-122,RW,na,na,na,na,na,Absence,0.00E+00,0.00E+00,ADCP_MOS1
312,GGGCGTTATCCGGATTTATTGGGTTTAAAGGGAGCGTAGGCCGGAGATTAAGCGTGTTGTGAAATGTAGACGCTCAACGTCTGCACTGCAGCGCGAACTGGTTTCCTTGAGTACGCACAAAGTGGGTGGAATTCGTGGTGTAGCGGTGAAATGCTTAGATATCACGAAGAACTCCGATTGCGAAGGCAGCTCACTGGAGCGCAACTGACGCTGAAGCTCGAAAGTGCGGGTATCGA,Bacteria,Bacteroidota,Bacteroidia,Bacteroidales,Prevotellaceae,Prevotella,NA,TRUE,Prevotella,Prevotella copri,Prevotella copri-0312,9.00E-121,RW,na,na,0,na,na,Presence,7.50E-04,3.02E-03,ADCP_MOS1
312,GGGCGTTATCCGGATTTATTGGGTTTAAAGGGAGCGTAGGCCGGAGATTAAGCGTGTTGTGAAATGTAGACGCTCAACGTCTGCACTGCAGCGCGAACTGGTTTCCTTGAGTACGCACAAAGTGGGTGGAATTCGTGGTGTAGCGGTGAAATGCTTAGATATCACGAAGAACTCCGATTGCGAAGGCAGCTCACTGGAGCGCAACTGACGCTGAAGCTCGAAAGTGCGGGTATCGA,Bacteria,Bacteroidota,Bacteroidia,Bacteroidales,Prevotellaceae,Prevotella,NA,TRUE,Prevotella,Prevotella copri,Prevotella copri-0312,9.00E-121,US,na,na,na,na,na,Absence,0.00E+00,0.00E+00,ADCP_MOS1
317,AAGCGTTATCCGGATTTACTGGGTGTAAAGGGCGCGTAGGCGGGGATGCAAGTCAGATGTGAAATCTATGGGCTTAACCCATAAACTGCATTTGAAACTGTATCTCTTGAGTGCTGGAGAGGTAGACGGAATTCCTTGTGTAGCGGTGAAATGCGTAGATATAAGGAAGAACACCAGTGGCGAAGGCGGTCTACTGGACAGTAACTGACGCTGAGGCGCGAAAGCGTGGGGAGCAA,Bacteria,Bacillota,Clostridia,Clostridiales,Ruminococcaceae,NA,NA,TRUE,Intestinimonas; Colidextribacter,Intestinimonas butyriciproducens ; Colidextribacter massiliensis,Intestinimonas butyriciproducens ; Colidextribacter massiliensis-0317,2.00E-92,US,na,na,na,na,na,Absence,0.00E+00,0.00E+00,ADCP_MOS1
317,AAGCGTTATCCGGATTTACTGGGTGTAAAGGGCGCGTAGGCGGGGATGCAAGTCAGATGTGAAATCTATGGGCTTAACCCATAAACTGCATTTGAAACTGTATCTCTTGAGTGCTGGAGAGGTAGACGGAATTCCTTGTGTAGCGGTGAAATGCGTAGATATAAGGAAGAACACCAGTGGCGAAGGCGGTCTACTGGACAGTAACTGACGCTGAGGCGCGAAAGCGTGGGGAGCAA,Bacteria,Bacillota,Clostridia,Clostridiales,Ruminococcaceae,NA,NA,TRUE,Intestinimonas; Colidextribacter ,Intestinimonas butyriciproducens ; Colidextribacter massiliensis,Intestinimonas butyriciproducens ; Colidextribacter massiliensis-0317,2.00E-92,RW,0,na,na,na,na,Presence,8.44E-04,2.70E-03,ADCP_MOS1
320,GAGCGTTGTCCGGAATTATTGGGCGTAAAGAGCATGTAGGCGGTCTTTTAAGTCTGGAGTGAAAATGCGGGGCTCAACCCCGTATGGCTCTGGATACTGGAGGACTTGAGTGCAGGAGAGGAAAGGGGAATTCCCAGTGTAGCGGTGAAATGCGTAGATATTGGGAGGAACACCAGTGGCGAAGGCGCCTTTCTGGACTGTGTCTGACGCTGAGATGCGAAAGCCAGGGTAGCGAA,Bacteria,Bacillota,Negativicutes,Selenomonadales,Acidaminococcaceae,Phascolarctobacterium,NA,TRUE,Phascolarctobacterium,Phascolarctobacterium succinatutens,Phascolarctobacterium succinatutens-0320,4.00E-119,US,na,na,na,na,na,Absence,0.00E+00,0.00E+00,ADCP_MOS1
320,GAGCGTTGTCCGGAATTATTGGGCGTAAAGAGCATGTAGGCGGTCTTTTAAGTCTGGAGTGAAAATGCGGGGCTCAACCCCGTATGGCTCTGGATACTGGAGGACTTGAGTGCAGGAGAGGAAAGGGGAATTCCCAGTGTAGCGGTGAAATGCGTAGATATTGGGAGGAACACCAGTGGCGAAGGCGCCTTTCTGGACTGTGTCTGACGCTGAGATGCGAAAGCCAGGGTAGCGAA,Bacteria,Bacillota,Negativicutes,Selenomonadales,Acidaminococcaceae,Phascolarctobacterium,NA,TRUE,Phascolarctobacterium,Phascolarctobacterium succinatutens,Phascolarctobacterium succinatutens-0320,4.00E-119,RW,0,na,na,na,na,Presence,1.30E-03,2.55E-03,ADCP_MOS1
321,GAGCGTTATCCGGATTTATTGGGTTTAAAGGGTGCGTAGGCGGATCGTCAAGTCAGCGGTCAAAAGTCGGGGCTCAACCCCGTGAAGCCGTTGAAACTGGTGGTCTTGAGTGAGCGAGAAGCAGGCGGAATGCGTGGTGTAGCGGTGAAATGCATAGATATCACGCAGAACCCCGATTGCGAAGGCAGCCTGCCGGCGCTCAACTGACGCTGAGGCACGAAAGTGCGGGGATCGAA,Bacteria,Bacteroidota,Bacteroidia,Bacteroidales,Porphyromonadaceae,Barnesiella,NA,TRUE,Muribaculum,Muribaculum intestinale,Muribaculum intestinale-0321,2.00E-87,RW,na,na,0,na,na,Presence,2.04E-04,7.46E-04,ADCP_MOS1
321,GAGCGTTATCCGGATTTATTGGGTTTAAAGGGTGCGTAGGCGGATCGTCAAGTCAGCGGTCAAAAGTCGGGGCTCAACCCCGTGAAGCCGTTGAAACTGGTGGTCTTGAGTGAGCGAGAAGCAGGCGGAATGCGTGGTGTAGCGGTGAAATGCATAGATATCACGCAGAACCCCGATTGCGAAGGCAGCCTGCCGGCGCTCAACTGACGCTGAGGCACGAAAGTGCGGGGATCGAA,Bacteria,Bacteroidota,Bacteroidia,Bacteroidales,Porphyromonadaceae,Barnesiella,NA,TRUE,Muribaculum,Muribaculum intestinale,Muribaculum intestinale-0321,2.00E-87,US,na,na,na,na,na,Absence,0.00E+00,0.00E+00,ADCP_MOS1
323,AAGCGTTATCCGGATTTACTGGGTGTAAAGGGAGTGTAGGTGGCCATGCAAGTCAGAAGTGAAAATCCGGGGCTCAACCCCGGAACTGCTTTTGAAACTGTGAGGCTGGAGTGCAGGAGGGGTGAGTGGAATTCCTAGTGTAGCGGTGAAATGCGTAGATATTAGGAGGAACACCAGTGGCGAAGGCGGCTCACTGGACTGTAACTGACACTGAGGCTCGAAAGCGTGGGGAGCAA,Bacteria,Bacillota,Clostridia,Clostridiales,Lachnospiraceae,NA,NA,TRUE,Lachnospira,Lachnospira eligens,Lachnospira eligens-0323,9.00E-121,US,1,1,1,1,na,Presence,1.54E-03,6.00E-03,ADCP_MOS1
323,AAGCGTTATCCGGATTTACTGGGTGTAAAGGGAGTGTAGGTGGCCATGCAAGTCAGAAGTGAAAATCCGGGGCTCAACCCCGGAACTGCTTTTGAAACTGTGAGGCTGGAGTGCAGGAGGGGTGAGTGGAATTCCTAGTGTAGCGGTGAAATGCGTAGATATTAGGAGGAACACCAGTGGCGAAGGCGGCTCACTGGACTGTAACTGACACTGAGGCTCGAAAGCGTGGGGAGCAA,Bacteria,Bacillota,Clostridia,Clostridiales,Lachnospiraceae,NA,NA,TRUE,Lachnospira,Lachnospira eligens,Lachnospira eligens-0323,9.00E-121,RW,na,na,na,na,na,Presence,6.08E-05,4.12E-04,ADCP_MOS1
327,GGGCGTTATCCGGATTTATTGGGTTTAAAGGGAGCGTAGGCCGGAGATTAAGCGTGTTGTGAAATGTAGACGCTCAACGTCTGCACTGCAGCGCGAACTGGTTTCCTTGAGTACGCATAAAGTGGGCGGAATTCGTGGTGTAGCGGTGAAATGCTTAGATATCACGAAGAACTCCGATTGCGAAGGCAGCTCACTGGGGCGCAACTGACGCTGAAGCTCGAAAGCGCGGGTATCGA,Bacteria,Bacteroidota,Bacteroidia,Bacteroidales,Prevotellaceae,Prevotella,NA,TRUE,Prevotella,Prevotella copri,Prevotella copri-0327,2.00E-117,RW,0,na,na,na,na,Presence,6.04E-04,2.68E-03,ADCP_MOS1
327,GGGCGTTATCCGGATTTATTGGGTTTAAAGGGAGCGTAGGCCGGAGATTAAGCGTGTTGTGAAATGTAGACGCTCAACGTCTGCACTGCAGCGCGAACTGGTTTCCTTGAGTACGCATAAAGTGGGCGGAATTCGTGGTGTAGCGGTGAAATGCTTAGATATCACGAAGAACTCCGATTGCGAAGGCAGCTCACTGGGGCGCAACTGACGCTGAAGCTCGAAAGCGCGGGTATCGA,Bacteria,Bacteroidota,Bacteroidia,Bacteroidales,Prevotellaceae,Prevotella,NA,TRUE,Prevotella,Prevotella copri,Prevotella copri-0327,2.00E-117,US,na,na,na,na,na,Presence,2.10E-05,1.19E-04,ADCP_MOS1
331,AAGCGTTATCCGGATTTACTGGGTGTAAAGGGAGCGCAGGCGGTACGGCAAGTCTGATGTGAAAGCCCGGGGCTCAACCCCGGGACTGCATTGGAAACTGTCGGACTAGAGTGTCGGAGGGGTAAGTGGAATTCCTAGTGTAGCGGTGAAATGCGTAGATATTAGGAGGAACACCAGTGGCGAAGGCGGCTTACTGGACGATGACTGACGCTGAGGCTCGAAAGCGTGGGGAGCAA,Bacteria,Bacillota,Clostridia,Clostridiales,Lachnospiraceae,Roseburia,NA,TRUE,Roseburia,Roseburia intestinalis,Roseburia intestinalis-0331,4.00E-119,RW,0,na,na,na,na,Presence,7.97E-04,1.75E-03,ADCP_MOS1
331,AAGCGTTATCCGGATTTACTGGGTGTAAAGGGAGCGCAGGCGGTACGGCAAGTCTGATGTGAAAGCCCGGGGCTCAACCCCGGGACTGCATTGGAAACTGTCGGACTAGAGTGTCGGAGGGGTAAGTGGAATTCCTAGTGTAGCGGTGAAATGCGTAGATATTAGGAGGAACACCAGTGGCGAAGGCGGCTTACTGGACGATGACTGACGCTGAGGCTCGAAAGCGTGGGGAGCAA,Bacteria,Bacillota,Clostridia,Clostridiales,Lachnospiraceae,Roseburia,NA,TRUE,Roseburia,Roseburia intestinalis,Roseburia intestinalis-0331,4.00E-119,US,na,na,na,na,na,Absence,0.00E+00,0.00E+00,ADCP_MOS1
338,AAGCGTTGTCCGGAATTATTGGGCGTAAAGGGCGCGCAGGCGGCATCATAAGTCGGTCTTAAAAGTGCGGGGCTTAACCCCGTGAGGGGACCGAAACTGTGGAGCTGGAGTATCGGAGAGGAAAGCGGAATTCCTAGTGTAGCGGTGAAATGCGTAGATATTAGGAGGAACACCAGTGGCGAAAGCGGCTTTCTGGACGACAACTGACGCTGAGGCGCGAAAGCCAGGGGAGCGAA,Bacteria,Bacillota,Negativicutes,Selenomonadales,Veillonellaceae,Megasphaera,NA,TRUE,Megasphaera,Megasphaera massiliensis,Megasphaera massiliensis-0338,2.00E-112,US,na,na,na,na,na,Absence,0.00E+00,0.00E+00,ADCP_MOS1
338,AAGCGTTGTCCGGAATTATTGGGCGTAAAGGGCGCGCAGGCGGCATCATAAGTCGGTCTTAAAAGTGCGGGGCTTAACCCCGTGAGGGGACCGAAACTGTGGAGCTGGAGTATCGGAGAGGAAAGCGGAATTCCTAGTGTAGCGGTGAAATGCGTAGATATTAGGAGGAACACCAGTGGCGAAAGCGGCTTTCTGGACGACAACTGACGCTGAGGCGCGAAAGCCAGGGGAGCGAA,Bacteria,Bacillota,Negativicutes,Selenomonadales,Veillonellaceae,Megasphaera,NA,TRUE,Megasphaera,Megasphaera massiliensis,Megasphaera massiliensis-0338,2.00E-112,RW,0,na,na,na,na,Presence,1.11E-03,2.34E-03,ADCP_MOS1
368,AAGCGTTGTCCGGAATTACTGGGTGTAAAGGGAGCGTAGGCGGGGATACAAGTTGAATGTTAAAACTATGGGCTCAACCCATAGTTGCGTTCAAAACTGTATTTCTTGAGTGAAGTAGAGGTAAGCGGAATTCCTAGTGTAGCGGTGAAATGCGTAAATATTAGGAGGAACACCAGTGGCGAAGGCGGCTTACTGGGCTTTAACTGACGCTGAGGCTCGAAAGCGTGGGTAGCAAA,Bacteria,Bacillota,Clostridia,Clostridiales,Ruminococcaceae,Ruminococcus,NA,TRUE,Paludicola,Paludicola psychrotolerans,Paludicola psychrotolerans-0368,4.00E-99,US,na,na,na,na,na,Absence,0.00E+00,0.00E+00,ADCP_MOS1
368,AAGCGTTGTCCGGAATTACTGGGTGTAAAGGGAGCGTAGGCGGGGATACAAGTTGAATGTTAAAACTATGGGCTCAACCCATAGTTGCGTTCAAAACTGTATTTCTTGAGTGAAGTAGAGGTAAGCGGAATTCCTAGTGTAGCGGTGAAATGCGTAAATATTAGGAGGAACACCAGTGGCGAAGGCGGCTTACTGGGCTTTAACTGACGCTGAGGCTCGAAAGCGTGGGTAGCAAA,Bacteria,Bacillota,Clostridia,Clostridiales,Ruminococcaceae,Ruminococcus,NA,TRUE,Paludicola,Paludicola psychrotolerans,Paludicola psychrotolerans-0368,4.00E-99,RW,0,na,na,na,na,Presence,5.16E-04,1.26E-03,ADCP_MOS1
393,GGGCGTTATCCGGATTTATTGGGTTTAAAGGGAGCGTAGGCTGGAGATTAAGCGTGTTGTGAAATGTAGAGGCTCAACCTCTGCACTGCAGCGCGAACTGGTCTTCTTGAGTACGCACAACGTGGGCGGAATTCGTGGTGTAGCGGTGAAATGCTTAGATATCACGAAGAACTCCGATTGCGAAGGCAGCTCACGGGAGCGCAACTGACGCTGAAGCTCGAAAGTGCGGGTATCGA,Bacteria,Bacteroidota,Bacteroidia,Bacteroidales,Prevotellaceae,Prevotella,NA,TRUE,Prevotella,Prevotella copri,Prevotella copri-0393,9.00E-111,RW,na,na,1,na,na,Presence,9.71E-04,5.58E-03,ADCP_MOS1
393,GGGCGTTATCCGGATTTATTGGGTTTAAAGGGAGCGTAGGCTGGAGATTAAGCGTGTTGTGAAATGTAGAGGCTCAACCTCTGCACTGCAGCGCGAACTGGTCTTCTTGAGTACGCACAACGTGGGCGGAATTCGTGGTGTAGCGGTGAAATGCTTAGATATCACGAAGAACTCCGATTGCGAAGGCAGCTCACGGGAGCGCAACTGACGCTGAAGCTCGAAAGTGCGGGTATCGA,Bacteria,Bacteroidota,Bacteroidia,Bacteroidales,Prevotellaceae,Prevotella,NA,TRUE,Prevotella,Prevotella copri,Prevotella copri-0393,9.00E-111,US,na,na,na,na,na,Absence,0.00E+00,0.00E+00,ADCP_MOS1
401,AAGCGTTGTCCGGAATTACTGGGTGTAAAGGGAGCGTAGGCGGGGAGGCAAGTTGAATGTCTAAACTATCGGCTCAACTGATAGTCGCGTTCAAAACTGCCACTCTTGAGTGCAGTAGAGGTAGGCGGAATTCCTAGTGTAGCGGTGAAATGCGTAGATATTAGGAGGAACACCAGTGGCGAAGGCGGCCTACTGGGCTGTAACTGACGCTGAGGCTCGAAAGCGTGGGTAGCAAA,Bacteria,Bacillota,Clostridia,Clostridiales,Ruminococcaceae,NA,NA,TRUE,Negativibacillus,Negativibacillus massiliensis,Negativibacillus massiliensis-0401,9.00E-116,US,na,na,na,na,1,Presence,9.90E-04,2.34E-03,ADCP_MOS1
401,AAGCGTTGTCCGGAATTACTGGGTGTAAAGGGAGCGTAGGCGGGGAGGCAAGTTGAATGTCTAAACTATCGGCTCAACTGATAGTCGCGTTCAAAACTGCCACTCTTGAGTGCAGTAGAGGTAGGCGGAATTCCTAGTGTAGCGGTGAAATGCGTAGATATTAGGAGGAACACCAGTGGCGAAGGCGGCCTACTGGGCTGTAACTGACGCTGAGGCTCGAAAGCGTGGGTAGCAAA,Bacteria,Bacillota,Clostridia,Clostridiales,Ruminococcaceae,NA,NA,TRUE,Negativibacillus,Negativibacillus massiliensis,Negativibacillus massiliensis-0401,9.00E-116,RW,na,na,na,na,na,Absence,0.00E+00,0.00E+00,ADCP_MOS1
402,GAGCGTTATCCGGATTTATTGGGTTTAAAGGGTGCGTAGGCGGAAGTGCAAGTCAGCGGTGAAATCCCCGCGCTCAACGCGGGAGTTGCCGTTGATACTGTACATCTGGAATGCTCTTGCCGTGGGAGGAATGAGTAGTGTAGCGGTGAAATGCATAGATATTACTCAGAACACCGATTGCGAAGGCATCTCACGAAGGGGCGATTGACGCTGAGGCACGAAAGCGTGGGTATCGA,Bacteria,Bacteroidota,Bacteroidia,Bacteroidales,Marinilabiliaceae,Anaerophaga,NA,TRUE,Marinilabilia,Marinilabilia nitratireducens; Marinilabilia salmonicolor,Marinilabilia nitratireducens; Marinilabilia salmonicolor-0402,1.00E-59,RW,0,na,na,na,na,Presence,5.73E-04,2.17E-03,ADCP_MOS1
402,GAGCGTTATCCGGATTTATTGGGTTTAAAGGGTGCGTAGGCGGAAGTGCAAGTCAGCGGTGAAATCCCCGCGCTCAACGCGGGAGTTGCCGTTGATACTGTACATCTGGAATGCTCTTGCCGTGGGAGGAATGAGTAGTGTAGCGGTGAAATGCATAGATATTACTCAGAACACCGATTGCGAAGGCATCTCACGAAGGGGCGATTGACGCTGAGGCACGAAAGCGTGGGTATCGA,Bacteria,Bacteroidota,Bacteroidia,Bacteroidales,Marinilabiliaceae,Anaerophaga,NA,TRUE,Marinilabilia,Marinilabilia nitratireducens; Marinilabilia salmonicolor,Marinilabilia nitratireducens; Marinilabilia salmonicolor-0402,1.00E-59,US,na,na,na,na,na,Absence,0.00E+00,0.00E+00,ADCP_MOS1
403,AAGCGTTGTCCGGAATTACTGGGTGTAAAGGGAGCGTAGGCGGGATGCCAAGTCAGCTGTGAAAACTACGGGCTTAACCTGTAGACTGCAGTTGAAACTGGTATTCTTGAGTGAAGTAGAGGTTGGCGGAATTCCGAGTGTAGCGGTGAAATGCGTAGATATTCGGAGGAACACCGGTGGCGAAGGCGGCCAACTGGGCTTTAACTGACGCTGAGGCTCGAAAGTGTGGGGAGCAA,Bacteria,Bacillota,Clostridia,Clostridiales,Ruminococcaceae,Anaerotruncus,NA,TRUE,Eubacterium,Eubacterium coprostanoligenes,Eubacterium coprostanoligenes-0403,9.00E-101,US,na,na,na,na,na,Absence,0.00E+00,0.00E+00,ADCP_MOS1
403,AAGCGTTGTCCGGAATTACTGGGTGTAAAGGGAGCGTAGGCGGGATGCCAAGTCAGCTGTGAAAACTACGGGCTTAACCTGTAGACTGCAGTTGAAACTGGTATTCTTGAGTGAAGTAGAGGTTGGCGGAATTCCGAGTGTAGCGGTGAAATGCGTAGATATTCGGAGGAACACCGGTGGCGAAGGCGGCCAACTGGGCTTTAACTGACGCTGAGGCTCGAAAGTGTGGGGAGCAA,Bacteria,Bacillota,Clostridia,Clostridiales,Ruminococcaceae,Anaerotruncus,NA,TRUE,Eubacterium,Eubacterium coprostanoligenes,Eubacterium coprostanoligenes-0403,9.00E-101,RW,na,na,na,na,1,Presence,3.44E-04,8.52E-04,ADCP_MOS1
421,GGGCGTTATCCGGATTTATTGGGTTTAAAGGGAGCGTAGGCTGGAGATTAAGCGTGTTGTGAAATGTAGACGCTCAACGTCTGCACTGCAGCGCGAACTGGTTTCCTTGAGTACGCACAAAGTGGGCGGAATTCGTGGTGTAGCGGTGAAATGCTTAGATATCACGAAGAACTCCGATTGCGAAGGCAGCTCACTGGAGCGCAACTGACGCTGAAGCTCGAAAGTGCGGGTATCGA,Bacteria,Bacteroidota,Bacteroidia,Bacteroidales,Prevotellaceae,Prevotella,NA,TRUE,Prevotella,Prevotella copri,Prevotella copri-0421,9.00E-121,RW,na,1,na,na,na,Presence,1.16E-04,5.88E-04,ADCP_MOS1
421,GGGCGTTATCCGGATTTATTGGGTTTAAAGGGAGCGTAGGCTGGAGATTAAGCGTGTTGTGAAATGTAGACGCTCAACGTCTGCACTGCAGCGCGAACTGGTTTCCTTGAGTACGCACAAAGTGGGCGGAATTCGTGGTGTAGCGGTGAAATGCTTAGATATCACGAAGAACTCCGATTGCGAAGGCAGCTCACTGGAGCGCAACTGACGCTGAAGCTCGAAAGTGCGGGTATCGA,Bacteria,Bacteroidota,Bacteroidia,Bacteroidales,Prevotellaceae,Prevotella,NA,TRUE,Prevotella,Prevotella copri,Prevotella copri-0421,9.00E-121,US,na,na,na,na,na,Absence,0.00E+00,0.00E+00,ADCP_MOS1
450,GGGCGTTATCCGGATTTATTGGGTTTAAAGGGAGCGTAGGCCGGAGATTAAGCGTGTTGTGAAATGTAGAGGCTCAACCTCTGCACTGCAGCGCGAACTGGTCTTCTTGAGTACGCACAACGTGGGCGGAATTCGTGGTGTAGCGGTGAAATGCTTAGATATCACGAAGAACTCCGATTGCGAAGGCAGCTTACGGGAGCGCAACTGACGCTGAAGCTCGAAAGTGCGGGTATCGA,Bacteria,Bacteroidota,Bacteroidia,Bacteroidales,Prevotellaceae,Prevotella,NA,TRUE,Prevotella,Prevotella copri,Prevotella copri-0450,9.00E-111,RW,1,na,na,na,na,Presence,7.45E-04,5.06E-03,ADCP_MOS1
450,GGGCGTTATCCGGATTTATTGGGTTTAAAGGGAGCGTAGGCCGGAGATTAAGCGTGTTGTGAAATGTAGAGGCTCAACCTCTGCACTGCAGCGCGAACTGGTCTTCTTGAGTACGCACAACGTGGGCGGAATTCGTGGTGTAGCGGTGAAATGCTTAGATATCACGAAGAACTCCGATTGCGAAGGCAGCTTACGGGAGCGCAACTGACGCTGAAGCTCGAAAGTGCGGGTATCGA,Bacteria,Bacteroidota,Bacteroidia,Bacteroidales,Prevotellaceae,Prevotella,NA,TRUE,Prevotella,Prevotella copri,Prevotella copri-0450,9.00E-111,US,na,na,na,na,na,Absence,0.00E+00,0.00E+00,ADCP_MOS1
463,GAGCGTTGTTCGGAATTACTGGGCGTAAAGGGTGTGTAGGCGGCTTTGTAAGATAGCGGTGAAATACCTGGGCTTAACCTGGGAACTGCCGTTATTACTATAGAGCTAGAGTGATAGAGAGGATATTGGAATACCCAGTGTAGAGGTGAAATTCGTAGATATTGGGTAGAACACCGGTGGCGAAGGCGAGTATCTGGCTATTAACTGACGCTGAGGCACGAAAGCATGGGGATCAA,Bacteria,Pseudomonadota,Alphaproteobacteria,Rhodospirillales,Rhodospirillaceae,NA,NA,TRUE,Kiloniella,Kiloniella antarctica; Kiloniella litopenaei,Kiloniella antarctica; Kiloniella litopenaei-0463,1.00E-65,US,na,na,na,na,na,Absence,0.00E+00,0.00E+00,ADCP_MOS1
463,GAGCGTTGTTCGGAATTACTGGGCGTAAAGGGTGTGTAGGCGGCTTTGTAAGATAGCGGTGAAATACCTGGGCTTAACCTGGGAACTGCCGTTATTACTATAGAGCTAGAGTGATAGAGAGGATATTGGAATACCCAGTGTAGAGGTGAAATTCGTAGATATTGGGTAGAACACCGGTGGCGAAGGCGAGTATCTGGCTATTAACTGACGCTGAGGCACGAAAGCATGGGGATCAA,Bacteria,Pseudomonadota,Alphaproteobacteria,Rhodospirillales,Rhodospirillaceae,NA,NA,TRUE,Kiloniella,Kiloniella antarctica; Kiloniella litopenaei,Kiloniella antarctica; Kiloniella litopenaei-0463,1.00E-65,RW,na,na,0,na,na,Presence,2.23E-04,8.03E-04,ADCP_MOS1
466,GAGCGTTATCCGGAATCATTGGGCGTAAAGAGGGAGCAGGCGGCCGCAAGGGTCTGTGGTGAAAGCCCGAAGCTAAACTTCGGTAAGCCATGGAAACCGGGCGGCTAGAGTGCGGAAGAGGATCGTGGAATTCCATGTGTAGCGGTGAAATGCGTAGATATATGGAGGAACACCAGTGGCGAAGGCGACGGTCTGGGCCGCAACTGACGCTCATTCCCGAAAGCGTGGGGAGCAAA,Bacteria,Bacillota,Erysipelotrichia,Erysipelotrichales,Erysipelotrichaceae,Catenibacterium,NA,TRUE,Catenibacterium,Catenibacterium mitsuokai,Catenibacterium mitsuokai-0466,7.00E-112,US,na,na,na,na,na,Absence,0.00E+00,0.00E+00,ADCP_MOS1
466,GAGCGTTATCCGGAATCATTGGGCGTAAAGAGGGAGCAGGCGGCCGCAAGGGTCTGTGGTGAAAGCCCGAAGCTAAACTTCGGTAAGCCATGGAAACCGGGCGGCTAGAGTGCGGAAGAGGATCGTGGAATTCCATGTGTAGCGGTGAAATGCGTAGATATATGGAGGAACACCAGTGGCGAAGGCGACGGTCTGGGCCGCAACTGACGCTCATTCCCGAAAGCGTGGGGAGCAAA,Bacteria,Bacillota,Erysipelotrichia,Erysipelotrichales,Erysipelotrichaceae,Catenibacterium,NA,TRUE,Catenibacterium,Catenibacterium mitsuokai,Catenibacterium mitsuokai-0466,7.00E-112,RW,1,na,na,na,na,Presence,4.93E-04,1.70E-03,ADCP_MOS1
478,AAGCGTTAATCGGAATTACTGGGCGTAAAGGGTGCGCAGGCGGCTGTGCAAGACAGATGTGAAATCCCCGGGCTTAACCTGGGAACTGCATTTGTGACTGCACGGCTAGAGTTTGTCAGAGGAGGGTGGAATTCCGCGTGTAGCAGTGAAATGCGTAGATATGCGGAAGAACACCAATGGCGAAGGCAGCCCTCTGGGACATGACTGACGCTCATGCACGAAAGCGTGGGGAGCAA,Bacteria,Pseudomonadota,Betaproteobacteria,Burkholderiales,Sutterellaceae,Sutterella,NA,TRUE,Noviherbaspirillum,Noviherbaspirillum autotrophicum; Noviherbaspirillum denitrificans,Noviherbaspirillum autotrophicum; Noviherbaspirillum denitrificans-0478,4.00E-99,US,na,1,na,na,na,Presence,7.33E-04,2.43E-03,ADCP_MOS1
478,AAGCGTTAATCGGAATTACTGGGCGTAAAGGGTGCGCAGGCGGCTGTGCAAGACAGATGTGAAATCCCCGGGCTTAACCTGGGAACTGCATTTGTGACTGCACGGCTAGAGTTTGTCAGAGGAGGGTGGAATTCCGCGTGTAGCAGTGAAATGCGTAGATATGCGGAAGAACACCAATGGCGAAGGCAGCCCTCTGGGACATGACTGACGCTCATGCACGAAAGCGTGGGGAGCAA,Bacteria,Pseudomonadota,Betaproteobacteria,Burkholderiales,Sutterellaceae,Sutterella,NA,TRUE,Noviherbaspirillum,Noviherbaspirillum autotrophicum; Noviherbaspirillum denitrificans,Noviherbaspirillum autotrophicum; Noviherbaspirillum denitrificans-0478,4.00E-99,RW,na,na,na,na,na,Presence,5.26E-06,3.57E-05,ADCP_MOS1
498,AAGCGTTATCCGGATTTACTGGGTGTAAAGGGAGCGTAGACGGTTTTGCAAGTCTGAAGTGAAAGCCCGGGGCTTAACTCCGGGACTGCTTTGGAAACTGTAGAACTAGAGTGCAGGAGAGGTAAGTGGAATTCCTAGTGTAGCGGTGAAATGCGTAGATATTAGGAGGAACACCAGTGGCGAAGGCGGCTTACTGGACTGTAACTGACGTTGAGGCTCGAAAGCGTGGGGAGCAA,Bacteria,Bacillota,Clostridia,Clostridiales,Lachnospiraceae,Clostridium_XlVa,NA,TRUE,Hungatella,Hungatella xylanolytica,Hungatella xylanolytica-0498,4.00E-114,US,na,na,na,na,na,Presence,1.31E-04,7.39E-04,ADCP_MOS1
498,AAGCGTTATCCGGATTTACTGGGTGTAAAGGGAGCGTAGACGGTTTTGCAAGTCTGAAGTGAAAGCCCGGGGCTTAACTCCGGGACTGCTTTGGAAACTGTAGAACTAGAGTGCAGGAGAGGTAAGTGGAATTCCTAGTGTAGCGGTGAAATGCGTAGATATTAGGAGGAACACCAGTGGCGAAGGCGGCTTACTGGACTGTAACTGACGTTGAGGCTCGAAAGCGTGGGGAGCAA,Bacteria,Bacillota,Clostridia,Clostridiales,Lachnospiraceae,Clostridium_XlVa,NA,TRUE,Hungatella,Hungatella xylanolytica,Hungatella xylanolytica-0498,4.00E-114,RW,1,na,na,na,na,Presence,7.01E-05,4.75E-04,ADCP_MOS1
499,GAGCGTTGTCCGGAATTATTGGGCGTAAAGAGCATGTAGGCGGTCGTTTAAGTCTGGAGTGAAAATGCGGGGCTCAACCCCGTATGGCTCTGGATACTGGAGGACTTGAGTGCAGGAGAGGAAAGGGGAATTCCCAGTGTAGCGGTGAAATGCGTAGATATTGGGAGGAACACCAGTGGCGAAGGCGCCTTTCTGGACTGTGTCTGACGCTGAGATGCGAAAGCCAGGGTAGCGAA,Bacteria,Bacillota,Negativicutes,Selenomonadales,Acidaminococcaceae,Phascolarctobacterium,NA,TRUE,Phascolarctobacterium,Phascolarctobacterium succinatutens,Phascolarctobacterium succinatutens-0499,2.00E-117,US,na,na,na,na,na,Absence,0.00E+00,0.00E+00,ADCP_MOS1
499,GAGCGTTGTCCGGAATTATTGGGCGTAAAGAGCATGTAGGCGGTCGTTTAAGTCTGGAGTGAAAATGCGGGGCTCAACCCCGTATGGCTCTGGATACTGGAGGACTTGAGTGCAGGAGAGGAAAGGGGAATTCCCAGTGTAGCGGTGAAATGCGTAGATATTGGGAGGAACACCAGTGGCGAAGGCGCCTTTCTGGACTGTGTCTGACGCTGAGATGCGAAAGCCAGGGTAGCGAA,Bacteria,Bacillota,Negativicutes,Selenomonadales,Acidaminococcaceae,Phascolarctobacterium,NA,TRUE,Phascolarctobacterium,Phascolarctobacterium succinatutens,Phascolarctobacterium succinatutens-0499,2.00E-117,RW,0,na,na,na,na,Presence,2.30E-04,6.73E-04,ADCP_MOS1
506,AAGCGTTGTTCGGAATTACTGGGCGTAAAGGGCATGTAGGCAGTTATATCAGTCAGGAGTGAAATCCCAGAGCTTAACTTTGGAATTGCTTTTGAGACGGTATGGCTAGAGGACTTGAAGGGATAATGGAATACCCAGTGTAGAGGTGGAATTCGTAGATATTGGGTAGAACACCAGTGGCGAAAGCGGTTATCTGGCAAGTTACTGACGCTGAGATGCGAAAGCGTGGGGATCAA,Bacteria,Pseudomonadota,Alphaproteobacteria,Rhodospirillales,Rhodospirillaceae,NA,NA,TRUE,Lacibacterium; Novispirillum,Lacibacterium aquatile;  Novispirillum itersonii,Lacibacterium aquatile;  Novispirillum itersonii-0506,8.00E-62,US,na,na,na,na,na,Absence,0.00E+00,0.00E+00,ADCP_MOS1
506,AAGCGTTGTTCGGAATTACTGGGCGTAAAGGGCATGTAGGCAGTTATATCAGTCAGGAGTGAAATCCCAGAGCTTAACTTTGGAATTGCTTTTGAGACGGTATGGCTAGAGGACTTGAAGGGATAATGGAATACCCAGTGTAGAGGTGGAATTCGTAGATATTGGGTAGAACACCAGTGGCGAAAGCGGTTATCTGGCAAGTTACTGACGCTGAGATGCGAAAGCGTGGGGATCAA,Bacteria,Pseudomonadota,Alphaproteobacteria,Rhodospirillales,Rhodospirillaceae,NA,NA,TRUE,Lacibacterium; Novispirillum,Lacibacterium aquatile;  Novispirillum itersonii,Lacibacterium aquatile;  Novispirillum itersonii-0506,8.00E-62,RW,na,na,0,na,na,Presence,0.00037728,0.00127311,ADCP_MOS1
512,TGGCGTTATCCGGATTTATTGGGTTTAAAGGGAGCGTAGGCCGGAGATTAAGCGTGTTGTGAAATGTAGAGGCTCAACCTCTGCACTGCAGCGCGAACTGGTCTTCTTGAGTACGCACAACGTGGGCGGAATTCGTGGTGTAGCGGTGAAATGCTTAGATATCACGAAGAACTCCGATTGCGAAGGCAGCTCACGGGAGCGCAACTGACGCTGAAGCTCGAAAGTGCGGGTATCGA,Bacteria,Bacteroidota,Bacteroidia,Bacteroidales,Prevotellaceae,Prevotella,NA,TRUE,Prevotella,Prevotella copri,Prevotella copri-0512,7.00E-112,RW,1,na,na,na,na,Presence,0.000350623,0.001665379,ADCP_MOS1
512,TGGCGTTATCCGGATTTATTGGGTTTAAAGGGAGCGTAGGCCGGAGATTAAGCGTGTTGTGAAATGTAGAGGCTCAACCTCTGCACTGCAGCGCGAACTGGTCTTCTTGAGTACGCACAACGTGGGCGGAATTCGTGGTGTAGCGGTGAAATGCTTAGATATCACGAAGAACTCCGATTGCGAAGGCAGCTCACGGGAGCGCAACTGACGCTGAAGCTCGAAAGTGCGGGTATCGA,Bacteria,Bacteroidota,Bacteroidia,Bacteroidales,Prevotellaceae,Prevotella,NA,TRUE,Prevotella,Prevotella copri,Prevotella copri-0512,7.00E-112,US,na,na,na,na,na,Absence,0.00E+00,0.00E+00,ADCP_MOS1
527,GAGCGTTGTTCGGAATTACTGGGCGTAAAGGGTGTGTAGGCGGTTAGGTAAGATAGCGGTGAAATGCCGAGGCTCAACCTCGGAATTGCCGTTATAACTATTTGACTAGAGTGATAGAGAGGATATTGGAATACCCAGTGTAGAGGTGAAATTCGTAGATATTGGGTAGAACACCGGTGGCGAAGGCGAGTATCTGGCTATCAACTGACGCTGAGGCACGAAAGCATGGGGATCAA,Bacteria,Pseudomonadota,Alphaproteobacteria,Rhodospirillales,Rhodospirillaceae,NA,NA,TRUE,Kiloniella,Kiloniella antarctica,Kiloniella antarctica-0527,2.00E-62,US,na,na,na,na,na,Absence,0.00E+00,0.00E+00,ADCP_MOS1
527,GAGCGTTGTTCGGAATTACTGGGCGTAAAGGGTGTGTAGGCGGTTAGGTAAGATAGCGGTGAAATGCCGAGGCTCAACCTCGGAATTGCCGTTATAACTATTTGACTAGAGTGATAGAGAGGATATTGGAATACCCAGTGTAGAGGTGAAATTCGTAGATATTGGGTAGAACACCGGTGGCGAAGGCGAGTATCTGGCTATCAACTGACGCTGAGGCACGAAAGCATGGGGATCAA,Bacteria,Pseudomonadota,Alphaproteobacteria,Rhodospirillales,Rhodospirillaceae,NA,NA,TRUE,Kiloniella,Kiloniella antarctica,Kiloniella antarctica-0527,2.00E-62,RW,1,na,na,na,na,Presence,6.30E-05,0.000315171,ADCP_MOS1
559,AAGCGTTATCCGGATTTACTGGGTGTAAAGGGTGCGTAGGTGGCAGTGCAAGTCAGATGTGAAAGGCCGGGGCTCAACCCCGGAGCTGCATTTGAAACTGCGCGGCTAGAGTACAGGAGAGGCAGGCGGAATTCCTAGTGTAGCGGTGAAATGCGTAGATATTAGGAGGAACACCAGTGGCGAAGGCGGCCTGCTGGACTGTTACTGACACTGAGGCACGAAAGCGTGGGGAGCAA,Bacteria,Bacillota,Clostridia,Clostridiales,Lachnospiraceae,NA,NA,TRUE,Anaerobutyricum,Anaerobutyricum hallii,Anaerobutyricum hallii-0559,2.00E-117,US,na,na,na,na,na,Presence,0.000584851,0.003046219,ADCP_MOS1
559,AAGCGTTATCCGGATTTACTGGGTGTAAAGGGTGCGTAGGTGGCAGTGCAAGTCAGATGTGAAAGGCCGGGGCTCAACCCCGGAGCTGCATTTGAAACTGCGCGGCTAGAGTACAGGAGAGGCAGGCGGAATTCCTAGTGTAGCGGTGAAATGCGTAGATATTAGGAGGAACACCAGTGGCGAAGGCGGCCTGCTGGACTGTTACTGACACTGAGGCACGAAAGCGTGGGGAGCAA,Bacteria,Bacillota,Clostridia,Clostridiales,Lachnospiraceae,NA,NA,TRUE,Anaerobutyricum,Anaerobutyricum hallii,Anaerobutyricum hallii-0559,2.00E-117,RW,1,na,na,na,na,Presence,2.55E-05,0.000173222,ADCP_MOS1
570,GAGCGTTATCCGGATTTATTGGGTTTAAAGGGAGCGTAGGTGGATTGTTAAGTCAGTTGTGAAAGTTTGCGGCTCAACCGTAAAATTGCAGTTGATACTGGCAGTCTTGAGTACAGCAGAGGTGGGCGGAATTCGTGGTGTAGCGGTGAAATGCTTAGATATCACGAAGAACTCCGATTGCGAAGGCAGCTCACTGGACTGGTCACTGACACTGATGCTCGAAAGTGTGGGTATCA,Bacteria,Bacteroidota,Bacteroidia,Bacteroidales,Bacteroidaceae,Bacteroides,NA,TRUE,Bacteroides,Bacteroides kribbi; Bacteroides koreensis; Bacteroides finegoldii,Bacteroides kribbi; Bacteroides koreensis; Bacteroides finegoldii-0570,3.00E-115,US,na,na,na,na,na,Absence,0.00E+00,0,ADCP_MOS1
570,GAGCGTTATCCGGATTTATTGGGTTTAAAGGGAGCGTAGGTGGATTGTTAAGTCAGTTGTGAAAGTTTGCGGCTCAACCGTAAAATTGCAGTTGATACTGGCAGTCTTGAGTACAGCAGAGGTGGGCGGAATTCGTGGTGTAGCGGTGAAATGCTTAGATATCACGAAGAACTCCGATTGCGAAGGCAGCTCACTGGACTGGTCACTGACACTGATGCTCGAAAGTGTGGGTATCA,Bacteria,Bacteroidota,Bacteroidia,Bacteroidales,Bacteroidaceae,Bacteroides,NA,TRUE,Bacteroides,Bacteroides kribbi; Bacteroides koreensis; Bacteroides finegoldii,Bacteroides kribbi; Bacteroides koreensis; Bacteroides finegoldii-0570,3.00E-115,RW,na,na,1,na,na,Presence,0.000163071,0.000608922,ADCP_MOS1
591,AAGCGTTGTCCGGAATTATTGGGCGTAAAGCGCGCGCAGGCGGCCGTGCAAGTCCATCTTAAAAGCGTGGGGCTTAACCCCATGAGGGGATGGAAACTGCAGGGCTGGAGTGTCGGAGGGGAAAGTGGAATTCCTAGTGTAGCGGTGAAATGCGTAGAGATTAGGAAGAACACCGGTGGCGAAGGCGACTTTCTAGACGACAACTGACGCTGAGGCGCGAAAGCGTGGGGAGCAAA,Bacteria,Bacillota,Negativicutes,Selenomonadales,Veillonellaceae,Allisonella,histaminiformans,TRUE,Allisonella,Allisonella histaminiformans,Allisonella histaminiformans-0591,2.00E-122,US,na,1,na,na,na,Presence,0.00043781,0.001138995,ADCP_MOS1
591,AAGCGTTGTCCGGAATTATTGGGCGTAAAGCGCGCGCAGGCGGCCGTGCAAGTCCATCTTAAAAGCGTGGGGCTTAACCCCATGAGGGGATGGAAACTGCAGGGCTGGAGTGTCGGAGGGGAAAGTGGAATTCCTAGTGTAGCGGTGAAATGCGTAGAGATTAGGAAGAACACCGGTGGCGAAGGCGACTTTCTAGACGACAACTGACGCTGAGGCGCGAAAGCGTGGGGAGCAAA,Bacteria,Bacillota,Negativicutes,Selenomonadales,Veillonellaceae,Allisonella,histaminiformans,TRUE,Allisonella,Allisonella histaminiformans,Allisonella histaminiformans-0591,2.00E-122,RW,na,na,na,na,na,Absence,0,0,ADCP_MOS1
602,GAGCGTTATCCGGATTTATTGGGTTTAAAGGGTGCGTAGGCTGCGGGTCAAGTCAGCGGTCAAATGTCGGGGCTCAACCCCGGCCTGCCGTTGAAACTGGCTTGCTTGAGTGGGACAGAGGCATGCGGAATGCGAGGTGTAGCGGTGAAATGCATAGATATCGCGCAGAACTCCGATTGCGAAGGCAGCGTGCCATGTCCCTACTGACGCTGAGGCACGAAAGTGCGGGTATCGAA,Bacteria,Bacteroidota,Bacteroidia,Bacteroidales,Porphyromonadaceae,NA,NA,TRUE,Muribaculum,Muribaculum intestinale,Muribaculum intestinale-0602,2.00E-72,RW,na,na,na,na,1,Presence,0.00026772,0.00109038,ADCP_MOS1
602,GAGCGTTATCCGGATTTATTGGGTTTAAAGGGTGCGTAGGCTGCGGGTCAAGTCAGCGGTCAAATGTCGGGGCTCAACCCCGGCCTGCCGTTGAAACTGGCTTGCTTGAGTGGGACAGAGGCATGCGGAATGCGAGGTGTAGCGGTGAAATGCATAGATATCGCGCAGAACTCCGATTGCGAAGGCAGCGTGCCATGTCCCTACTGACGCTGAGGCACGAAAGTGCGGGTATCGAA,Bacteria,Bacteroidota,Bacteroidia,Bacteroidales,Porphyromonadaceae,NA,NA,TRUE,Muribaculum,Muribaculum intestinale,Muribaculum intestinale-0602,2.00E-72,US,na,na,na,na,na,Absence,0,0,ADCP_MOS1
709,AAGCGTTGTCCGGAATTACTGGGTGTAAAGGGAGCGCAGGCGGGAAGACAAGTTGGAAGTGAAATCCATGGGCTCAACCCATGAACTGCTTTCAAAACTGTTTTTCTTGAGTAGTGCAGAGGTAGGCGGAATTCCCGGTGTAGCGGTGGAATGCGTAGATATCGGGAGGAACACCAGTGGCGAAGGCGGTCTACTGGGCACCAACTGACGCTGAGGCTCGAAAGTGTGGGTAGCAA,Bacteria,Bacillota,Clostridia,Clostridiales,Ruminococcaceae,Faecalibacterium,NA,TRUE,Faecalibacterium,Faecalibacterium prausnitzii,Faecalibacterium prausnitzii-0709,4.00E-119,US,na,na,na,na,na,Absence,0,0,ADCP_MOS1
709,AAGCGTTGTCCGGAATTACTGGGTGTAAAGGGAGCGCAGGCGGGAAGACAAGTTGGAAGTGAAATCCATGGGCTCAACCCATGAACTGCTTTCAAAACTGTTTTTCTTGAGTAGTGCAGAGGTAGGCGGAATTCCCGGTGTAGCGGTGGAATGCGTAGATATCGGGAGGAACACCAGTGGCGAAGGCGGTCTACTGGGCACCAACTGACGCTGAGGCTCGAAAGTGTGGGTAGCAA,Bacteria,Bacillota,Clostridia,Clostridiales,Ruminococcaceae,Faecalibacterium,NA,TRUE,Faecalibacterium,Faecalibacterium prausnitzii,Faecalibacterium prausnitzii-0709,4.00E-119,RW,1,na,na,na,na,Presence,0.000129596,0.000526717,ADCP_MOS1
725,GGGCGTTATCCGGATTTATTGGGTTTAAAGGGAGCGTAGGCCGGAGATTAAGCGTGTTGTGAAATGTAGACGCTCAACGTCTGCACTGCAGCGCGAACTGGTTTCCTTGAGTACGCACAAAGTGGGCGGAATTCGTGGTGTAGCGGTGAAATGCTTAGATATCACGAAGAACTCCGATTGCGAAGGTAGCTCACTGGAGCGCAACTGACGCTGAAGCTCGAAAGTGCGGGTATCGA,Bacteria,Bacteroidota,Bacteroidia,Bacteroidales,Prevotellaceae,Prevotella,NA,TRUE,Prevotella,Prevotella copri,Prevotella copri-0725,9.00E-121,RW,1,na,na,na,na,Presence,0.000200359,0.000950244,ADCP_MOS1
725,GGGCGTTATCCGGATTTATTGGGTTTAAAGGGAGCGTAGGCCGGAGATTAAGCGTGTTGTGAAATGTAGACGCTCAACGTCTGCACTGCAGCGCGAACTGGTTTCCTTGAGTACGCACAAAGTGGGCGGAATTCGTGGTGTAGCGGTGAAATGCTTAGATATCACGAAGAACTCCGATTGCGAAGGTAGCTCACTGGAGCGCAACTGACGCTGAAGCTCGAAAGTGCGGGTATCGA,Bacteria,Bacteroidota,Bacteroidia,Bacteroidales,Prevotellaceae,Prevotella,NA,TRUE,Prevotella,Prevotella copri,Prevotella copri-0725,9.00E-121,US,na,na,na,na,na,Absence,0,0,ADCP_MOS1
801,AAGCGTTGTCCGGATTTACTGGGTGTAAAGGGTGCGCAGGCGGGACTGCAAGTTGGATGTGAAATACCGAGGCTTAACCTCGGAACTGCATCCAAAACTGTAGTTCTTGAGTGGAGTAGAGGTAAGCGGAATTCCGAGTGTAGCGGTGAAATGCGTAGATATTCGGAGGAACACCAGTGGCGAAGGCGGCTTACTGGGCTCTAACTGACGCTGAGGCACGAAAGCATGGGTAGCAA,Bacteria,Bacillota,Clostridia,Clostridiales,Ruminococcaceae,NA,NA,TRUE,Ethanoligenens,Ethanoligenens harbinense,Ethanoligenens harbinense-0801,1.00E-80,US,na,na,na,na,na,Absence,0,0,ADCP_MOS1
801,AAGCGTTGTCCGGATTTACTGGGTGTAAAGGGTGCGCAGGCGGGACTGCAAGTTGGATGTGAAATACCGAGGCTTAACCTCGGAACTGCATCCAAAACTGTAGTTCTTGAGTGGAGTAGAGGTAAGCGGAATTCCGAGTGTAGCGGTGAAATGCGTAGATATTCGGAGGAACACCAGTGGCGAAGGCGGCTTACTGGGCTCTAACTGACGCTGAGGCACGAAAGCATGGGTAGCAA,Bacteria,Bacillota,Clostridia,Clostridiales,Ruminococcaceae,NA,NA,TRUE,Ethanoligenens,Ethanoligenens harbinense,Ethanoligenens harbinense-0801,1.00E-80,RW,na,na,na,1,na,Presence,7.04E-05,0.000426533,ADCP_MOS1
887,AAGCGTTGTCCGGAATTACTGGGTGTAAAGGGAGCGCAGGCGGGAGAACAAGTTGGAAGTGAAATCCATGGGCTCAACCCATGAACTGCTTTCAAAACTGTTTTTCTTGAGTAGTGCAGAGGTAGGCGGAATTCCCGGTGTAGCGGTGGAATGCGTAGATATCGGGAGGAACACCAGTGGCGAAGGCGGCCTACTGGGTACCAACTGACGCTGAGGCTCGAAAGTGTGGGTAGCAA,Bacteria,Bacillota,Clostridia,Clostridiales,Ruminococcaceae,Faecalibacterium,NA,TRUE,Faecalibacterium,Faecalibacterium prausnitzii,Faecalibacterium prausnitzii-0887,9.00E-116,US,na,na,na,na,na,Absence,0,0,ADCP_MOS1
887,AAGCGTTGTCCGGAATTACTGGGTGTAAAGGGAGCGCAGGCGGGAGAACAAGTTGGAAGTGAAATCCATGGGCTCAACCCATGAACTGCTTTCAAAACTGTTTTTCTTGAGTAGTGCAGAGGTAGGCGGAATTCCCGGTGTAGCGGTGGAATGCGTAGATATCGGGAGGAACACCAGTGGCGAAGGCGGCCTACTGGGTACCAACTGACGCTGAGGCTCGAAAGTGTGGGTAGCAA,Bacteria,Bacillota,Clostridia,Clostridiales,Ruminococcaceae,Faecalibacterium,NA,TRUE,Faecalibacterium,Faecalibacterium prausnitzii,Faecalibacterium prausnitzii-0887,9.00E-116,RW,1,na,na,na,na,Presence,8.17E-05,0.00055391,ADCP_MOS1
954,GGGCGTTATCCGGATTTATTGGGTTTAAAGGGAGCGTAGGCCGGAGATTAAGCGTGTTGTGAAATGTAGATGCTCAACATCTGCACTGCAGCGCGAACTGGTTTCCTTGAGTACGCACAAAGTGGGCGGAATTCGTGGTGTAGCGGTGAAATGCTTAGATATCACGAAGAACTCCGATTGCGAAGGCAGCTCACTGGAACGCAACTGACGCTGAAGCTCGAAAGTGCGGGTATCGA,Bacteria,Bacteroidota,Bacteroidia,Bacteroidales,Prevotellaceae,Prevotella,NA,TRUE,Prevotella,Prevotella copri,Prevotella copri-0954,2.00E-117,RW,na,na,na,na,0,Presence,9.05E-05,0.0004186,ADCP_MOS1
954,GGGCGTTATCCGGATTTATTGGGTTTAAAGGGAGCGTAGGCCGGAGATTAAGCGTGTTGTGAAATGTAGATGCTCAACATCTGCACTGCAGCGCGAACTGGTTTCCTTGAGTACGCACAAAGTGGGCGGAATTCGTGGTGTAGCGGTGAAATGCTTAGATATCACGAAGAACTCCGATTGCGAAGGCAGCTCACTGGAACGCAACTGACGCTGAAGCTCGAAAGTGCGGGTATCGA,Bacteria,Bacteroidota,Bacteroidia,Bacteroidales,Prevotellaceae,Prevotella,NA,TRUE,Prevotella,Prevotella copri,Prevotella copri-0954,2.00E-117,US,na,na,na,na,na,Absence,0,0,ADCP_MOS1
967,AGGCGTTATCCGGATTTATTGGGTTTAAAGGGAGCGCAGGCGGACCTTTAAGTCAGCTGTGAAATACGGCGGCTCAACCGTCGAACTGCAGTTGATACTGGAGGTCTTGAGTGCACACAGGGATACTGGAATTCATGGTGTAGCGGTGAAATGCTCAGATATCATGAAGAACTCCGATCGCGAAGGCAGGTATCCGGGGTGCAACTGACGCTGAGGCTCGAAAGTGTGGGTATCAA,Bacteria,Bacteroidota,Bacteroidia,Bacteroidales,Prevotellaceae,Alloprevotella,NA,TRUE,Prevotellamassilia,Prevotellamassilia timonensis,Prevotellamassilia timonensis-0967,7.00E-117,RW,1,na,na,na,na,Presence,0.000215975,0.001464816,ADCP_MOS1
967,AGGCGTTATCCGGATTTATTGGGTTTAAAGGGAGCGCAGGCGGACCTTTAAGTCAGCTGTGAAATACGGCGGCTCAACCGTCGAACTGCAGTTGATACTGGAGGTCTTGAGTGCACACAGGGATACTGGAATTCATGGTGTAGCGGTGAAATGCTCAGATATCATGAAGAACTCCGATCGCGAAGGCAGGTATCCGGGGTGCAACTGACGCTGAGGCTCGAAAGTGTGGGTATCAA,Bacteria,Bacteroidota,Bacteroidia,Bacteroidales,Prevotellaceae,Alloprevotella,NA,TRUE,Prevotellamassilia,Prevotellamassilia timonensis,Prevotellamassilia timonensis-0967,7.00E-117,US,na,na,na,na,na,Absence,0,0,ADCP_MOS1
1030,GGGCGTTATCCGGATTTATTGGGTTTAAAGGGAGCGTAGGCCGGAGATTAAGCGTGTTGTGAAATGTAGATGCTCAACATCTGCACTGCAGCGCGAACTGGTTTCCTTGAGTACGCGCAAAGTGGGCGGAATTCGTGGTGTAGCGGTGAAATGCTTAGATATCACGAAGAACTCCGATTGCGAAGGCAGCTCACTGGAGCGCAACTGACGCTGAAGCTCGAAAGTGCGGGTATCGA,Bacteria,Bacteroidota,Bacteroidia,Bacteroidales,Prevotellaceae,Prevotella,NA,TRUE,Prevotella,Prevotella copri,Prevotella copri-1030,2.00E-117,RW,1,na,na,na,na,Presence,9.66E-05,0.000475267,ADCP_MOS1
1030,GGGCGTTATCCGGATTTATTGGGTTTAAAGGGAGCGTAGGCCGGAGATTAAGCGTGTTGTGAAATGTAGATGCTCAACATCTGCACTGCAGCGCGAACTGGTTTCCTTGAGTACGCGCAAAGTGGGCGGAATTCGTGGTGTAGCGGTGAAATGCTTAGATATCACGAAGAACTCCGATTGCGAAGGCAGCTCACTGGAGCGCAACTGACGCTGAAGCTCGAAAGTGCGGGTATCGA,Bacteria,Bacteroidota,Bacteroidia,Bacteroidales,Prevotellaceae,Prevotella,NA,TRUE,Prevotella,Prevotella copri,Prevotella copri-1030,2.00E-117,US,na,na,na,na,na,Absence,0,0,ADCP_MOS1
1113,GAGCGTTGTCCGGAATTACTGGGTGTAAAGGGAGCGTAGGCGGGATTGCAAGTCAGATGTGAAAATTATGGGCTTAACCCATAGACTGCATTTGAAACTGTAGTTCTTGAGTGAAGTAGAGGTAAGCGGAATTCCTAGTGTAGCGGTGAAATGCGTAGATATTAGGAGGAACATCGGTGGCGAAGGCGGCTTACTGGGCTTTTACTGACGCTGAGGCTCGAAAGCGTGGGGAGCAA,Bacteria,Bacillota,Clostridia,Clostridiales,Ruminococcaceae,Ruminococcus,NA,TRUE,Ruminococcus,Ruminococcus champanellensis,Ruminococcus champanellensis-1113,9.00E-121,RW,1,na,na,na,na,Presence,6.36E-05,0.00043104,ADCP_MOS1
1113,GAGCGTTGTCCGGAATTACTGGGTGTAAAGGGAGCGTAGGCGGGATTGCAAGTCAGATGTGAAAATTATGGGCTTAACCCATAGACTGCATTTGAAACTGTAGTTCTTGAGTGAAGTAGAGGTAAGCGGAATTCCTAGTGTAGCGGTGAAATGCGTAGATATTAGGAGGAACATCGGTGGCGAAGGCGGCTTACTGGGCTTTTACTGACGCTGAGGCTCGAAAGCGTGGGGAGCAA,Bacteria,Bacillota,Clostridia,Clostridiales,Ruminococcaceae,Ruminococcus,NA,TRUE,Ruminococcus,Ruminococcus champanellensis,Ruminococcus champanellensis-1113,9.00E-121,US,na,na,na,na,na,Absence,0,0,ADCP_MOS1
1209,GAGCGTTATCCGGAATGATTGGGCGTAAAGGGTGCGTAGGTGGCAGATCAAGTCTGGAGTAAAAGGTATGGGCTCAACCCGTACTGGCTCTGGAAACTGATCAGCTAGAGAACAGAAGAGGACGGCGGAACTCCATGTGTAGCGGTAAAATGCGTAGATATATGGAAGAACACCGGTGGCGAAGGCGGCCGTCTGGTCTGGGTACTGACACTGAAGCACGAAAGCGTGGGGAGCAA,Bacteria,Bacillota,Erysipelotrichia,Erysipelotrichales,Erysipelotrichaceae,Holdemanella,NA,TRUE,Holdemanella,Holdemanella biformis,Holdemanella biformis-1209,2.00E-112,US,na,na,na,na,na,Absence,0,0,ADCP_MOS1
1209,GAGCGTTATCCGGAATGATTGGGCGTAAAGGGTGCGTAGGTGGCAGATCAAGTCTGGAGTAAAAGGTATGGGCTCAACCCGTACTGGCTCTGGAAACTGATCAGCTAGAGAACAGAAGAGGACGGCGGAACTCCATGTGTAGCGGTAAAATGCGTAGATATATGGAAGAACACCGGTGGCGAAGGCGGCCGTCTGGTCTGGGTACTGACACTGAAGCACGAAAGCGTGGGGAGCAA,Bacteria,Bacillota,Erysipelotrichia,Erysipelotrichales,Erysipelotrichaceae,Holdemanella,NA,TRUE,Holdemanella,Holdemanella biformis,Holdemanella biformis-1209,2.00E-112,RW,1,na,na,na,na,Presence,4.71E-05,0.000225355,ADCP_MOS1
1243,AAGCGTTGTCCGGAATAACTGGGCGTAAAGGGAGCGTAGGTGGCGATTTAAGTGAAATGTGAAAGCCCGGGGCTCAACTCCGGAATGTCATTTCATACTGGATTGCTTGAGTGCAGGAGGGGTAAGCGGAATTCCTAGTGTAGCGGTTAAATGCGTAGATATTAGGAAGAACACCAGAGGCGAAGGCGGCTTACTGGACTGTAACTGACACTGAGGCTCGAAAGCGTGGGGAGCAA,Bacteria,Bacillota,Clostridia,Clostridiales,Lachnospiraceae,NA,NA,TRUE,Herbinix,Herbinix luporum,Herbinix luporum-1243,2.00E-87,US,na,na,na,1,na,Absence,0,0,ADCP_MOS1
1243,AAGCGTTGTCCGGAATAACTGGGCGTAAAGGGAGCGTAGGTGGCGATTTAAGTGAAATGTGAAAGCCCGGGGCTCAACTCCGGAATGTCATTTCATACTGGATTGCTTGAGTGCAGGAGGGGTAAGCGGAATTCCTAGTGTAGCGGTTAAATGCGTAGATATTAGGAAGAACACCAGAGGCGAAGGCGGCTTACTGGACTGTAACTGACACTGAGGCTCGAAAGCGTGGGGAGCAA,Bacteria,Bacillota,Clostridia,Clostridiales,Lachnospiraceae,NA,NA,TRUE,Herbinix,Herbinix luporum,Herbinix luporum-1243,2.00E-87,RW,na,na,na,1,na,Presence,8.21E-06,5.56E-05,ADCP_MOS1
1684,AAGCGTTATCCGGATTTACTGGGTGTAAAGGGAGCGCAGGCGGGACTGCAAGTTGGATGTGAAATACCGTGGCTTAACCACGGAACGGCATCCAAAACTGTAGTTCTTGAGTGAAGTAGAGGCAAGCGGAATTCCGAGTGTAGCGGTGAAATGCGTAGATATTCGGAGGAACACCAGTGGCGAAGGCGGCTTGCTGGGCTTTAACTGACGCTGAGGCTCGAAAGTGTGGGGAGCAA,Bacteria,Bacillota,Clostridia,Clostridiales,Ruminococcaceae,Clostridium_IV,NA,TRUE,Clostridium,Clostridium methylpentosum,Clostridium methylpentosum-1684,2.00E-83,US,na,na,na,na,na,Presence,5.73E-05,0.000388835,ADCP_MOS1
1684,AAGCGTTATCCGGATTTACTGGGTGTAAAGGGAGCGCAGGCGGGACTGCAAGTTGGATGTGAAATACCGTGGCTTAACCACGGAACGGCATCCAAAACTGTAGTTCTTGAGTGAAGTAGAGGCAAGCGGAATTCCGAGTGTAGCGGTGAAATGCGTAGATATTCGGAGGAACACCAGTGGCGAAGGCGGCTTGCTGGGCTTTAACTGACGCTGAGGCTCGAAAGTGTGGGGAGCAA,Bacteria,Bacillota,Clostridia,Clostridiales,Ruminococcaceae,Clostridium_IV,NA,TRUE,Clostridium,Clostridium methylpentosum,Clostridium methylpentosum-1684,2.00E-83,RW,1,na,na,na,na,Absence,0,0,ADCP_MOS1
2007,AAGCGTTGTCCGGATTTACTGGGTGTAAAGGGTGCGTAGGCGGATTGGCAAGTCAGAAGTGAAATCCATGGGCTTAACCCATGAACTGCTTTTGAAACTGTTAATCTTGAGTGAAGTAGAGGTAGGCGGAATTCCCGGTGTAGCGGTGAAATGCGTAGAGATCGGGAGGAACACCAGTGGCGAAGGCGGCCTACTGGGCTTTAACTGACGCTGAGGCACGAAAGTGTGGGTAGCAA,Bacteria,Bacillota,Clostridia,Clostridiales,Ruminococcaceae,Clostridium_IV,NA,TRUE,Acutalibacter,Acutalibacter muris,Acutalibacter muris-2007,3.00E-110,US,na,na,1,na,na,Absence,0,0,ADCP_MOS1
2007,AAGCGTTGTCCGGATTTACTGGGTGTAAAGGGTGCGTAGGCGGATTGGCAAGTCAGAAGTGAAATCCATGGGCTTAACCCATGAACTGCTTTTGAAACTGTTAATCTTGAGTGAAGTAGAGGTAGGCGGAATTCCCGGTGTAGCGGTGAAATGCGTAGAGATCGGGAGGAACACCAGTGGCGAAGGCGGCCTACTGGGCTTTAACTGACGCTGAGGCACGAAAGTGTGGGTAGCAA,Bacteria,Bacillota,Clostridia,Clostridiales,Ruminococcaceae,Clostridium_IV,NA,TRUE,Acutalibacter,Acutalibacter muris,Acutalibacter muris-2007,3.00E-110,RW,na,na,na,na,na,Presence,1.80E-05,0.000101707,ADCP_MOS1
2691,GAGCGTTGTCCGGATTTATTGGGCGTAAAGCGAGCGCAGGTGGTTTAATAAGTCTGATGTAAAAGGCAGTGGCTCAACCATTGTGTGCATTGGAAACTGTTAGACTTGAGTGCAGTAGAGGAGAGTGGAATTCCATGTGTAGCGGTGAAATGCGTAGATATATGGAGGAACACCGGTGGCGAAAGCGGCTCTCTGGACTGTAACTGACACTGAGGCTCGAAAGCGTGGGTAGCAAA,Bacteria,Bacillota,Bacilli,Lactobacillales,Streptococcaceae,Lactococcus,NA,TRUE,Lactococcus,Lactococcus piscium; Lactococcus plantarum ,Lactococcus piscium; Lactococcus plantarum -2691,2.00E-122,US,na,na,0,na,na,Presence,1.37E-05,7.75E-05,ADCP_MOS1
2691,GAGCGTTGTCCGGATTTATTGGGCGTAAAGCGAGCGCAGGTGGTTTAATAAGTCTGATGTAAAAGGCAGTGGCTCAACCATTGTGTGCATTGGAAACTGTTAGACTTGAGTGCAGTAGAGGAGAGTGGAATTCCATGTGTAGCGGTGAAATGCGTAGATATATGGAGGAACACCGGTGGCGAAAGCGGCTCTCTGGACTGTAACTGACACTGAGGCTCGAAAGCGTGGGTAGCAAA,Bacteria,Bacillota,Bacilli,Lactobacillales,Streptococcaceae,Lactococcus,NA,TRUE,Lactococcus,Lactococcus piscium; Lactococcus plantarum ,Lactococcus piscium; Lactococcus plantarum -2691,2.00E-122,RW,na,na,na,na,na,Absence,0,0,ADCP_MOS1